NumC50Attributes,NumEventTypes,NumValues,NumConstraints,NumAttributes,NumEventConstraints,NumNegations,NumAggregates,NumParameters,Window,NumErrors,OriginalPrecision_Rule1,OriginalRecall_Rule1,OriginalF1_Rule1,MissClassificationCost_Rule1,FinalPrecision_Rule1,FinalRecall_Rule1,FinalF1_Rule1,OriginalPrecision_Rule2,OriginalRecall_Rule2,OriginalF1_Rule2,MissClassificationCost_Rule2,FinalPrecision_Rule2,FinalRecall_Rule2,FinalF1_Rule2,OriginalPrecision_Rule3,OriginalRecall_Rule3,OriginalF1_Rule3,MissClassificationCost_Rule3,FinalPrecision_Rule3,FinalRecall_Rule3,FinalF1_Rule3,OriginalPrecision_Rule12,OriginalRecall_Rule12,OriginalF1_Rule12,MissClassificationCost_Rule12,FinalPrecision_Rule12,FinalRecall_Rule12,FinalF1_Rule12,OriginalPrecision_Rule13,OriginalRecall_Rule13,OriginalF1_Rule13,MissClassificationCost_Rule13,FinalPrecision_Rule13,FinalRecall_Rule13,FinalF1_Rule13,OriginalPrecision_Rule23,OriginalRecall_Rule23,OriginalF1_Rule23,MissClassificationCost_Rule23,FinalPrecision_Rule23,FinalRecall_Rule23,FinalF1_Rule23,OriginalPrecision_Rule123,OriginalRecall_Rule123,OriginalF1_Rule123,MissClassificationCost_Rule123,FinalPrecision_Rule123,FinalRecall_Rule123,FinalF1_Rule123,SystemPrecisionFinal,SystemRecallFinal,SystemF1Final,SystemPrecisionOriginal,SystemRecallOriginal,SystemF1Original
135,15,50,1,2,3,0,0,0,10,308105,0.7210001582528881,0.68122009569378,0.7005458599215807,11.333333015441895,0.8577878103837472,0.6818181818181818,0.7597467510829723,0.6911319394376352,0.6425794342405148,0.6659719327497569,4.0,0.753222257151839,0.6424453680117979,0.6934375226105203,0.7067729083665338,0.896735990756788,0.7905022598510408,10.666666984558105,0.837401737691353,0.8769497400346621,0.8567195767195768,0.3658060316771534,0.5585555739605764,0.4420845624385447,16.66666603088379,0.3739602972163691,0.5585555739605764,0.4479872459147071,0.7742925332424139,0.3992616033755274,0.5268530332908016,20.0,0.7827134986225895,0.39961322081575246,0.529096834264432,0.7791190864600326,0.4114403859407305,0.5385049047243207,20.0,0.7898742554599603,0.4112680909717436,0.5409018808067074,0.5403805496828753,0.9992181391712275,0.7014270032930844,20.0,0.5431364215894603,0.9992181391712275,0.7037444933920706,0.9523141302481056,0.9280940892149299,0.9400481301996328,0.6227224008574491,0.6352349482482142,0.6289164451607473
135,15,50,1,2,3,0,0,0,10,312954,0.7141964508872782,0.8636844491461387,0.7818592242971475,15.333333015441895,0.8287783997365822,0.7607677195103522,0.7933180994405484,0.7884499396863691,0.8220405596604308,0.8048949434310784,20.0,0.9075907590759076,0.821411727715768,0.8623535236837763,0.8095077545515846,0.803010033444816,0.8062458025520485,20.0,0.9668290419856181,0.696989966555184,0.8100281799630745,0.7839526471555409,0.41957057374164025,0.546600940043563,20.0,0.7955911823647295,0.4192185850052798,0.549100968188105,0.6402564689718342,0.5052403324900614,0.5647914352085648,20.0,0.6613819214387128,0.5050596313697145,0.5727459016393444,0.6790040376850606,0.5111448834853091,0.5832369942196532,20.0,0.6840677966101695,0.5111448834853091,0.5850971296027835,0.6107366393837266,1.0,0.7583320878792408,20.0,0.6107366393837266,1.0,0.7583320878792408,0.9556293698811056,0.942740425069895,0.9491411428554077,0.7240474498442027,0.6856832241865762,0.7043433175128624
135,15,50,1,2,3,0,0,0,10,177911,0.7803248624574273,0.918015102481122,0.8435884727040996,13.333333015441895,0.897467195605737,0.9064570812143627,0.9019397377903857,0.7921574061244284,0.8841633158057531,0.8356354600599285,14.0,0.9075750357313006,0.8838540055675843,0.8955574708140719,0.6843630342543724,0.8914801833378269,0.7743106375504947,20.0,0.8767105088348611,0.8895928821784848,0.8831047172967548,0.8275959367945824,0.5314368545026273,0.6472470484387068,20.0,0.8337123365548608,0.5314368545026273,0.649109217660728,0.8107532605802502,0.5406460773872914,0.6487062080715578,20.0,0.8172793131204722,0.5406460773872914,0.6507851725243029,0.6625792811839324,0.5546902654867256,0.6038535645472062,20.0,0.6729654283873738,0.5546902654867256,0.6081303968176967,0.8397236614853195,1.0,0.9128802102891476,20.0,0.8397236614853195,1.0,0.9128802102891476,0.9624886580520009,0.9608712220597974,0.9616792599701762,0.7563640973630832,0.7531749438230616,0.7547661517831163
135,15,50,1,2,3,0,0,0,10,311930,0.8667649950835792,0.84624,0.8563795336787564,20.0,0.96147526017893,0.84256,0.8980984053892725,0.8170713540890809,0.8515758422605185,0.83396685418884,17.33333396911621,0.9100803750837241,0.8438130725042695,0.8756948360589705,0.8008804108584006,0.8518807554237553,0.8255937074572681,13.333333015441895,0.9345554223059791,0.8514125175589199,0.8910486769029728,0.7120115774240231,0.5342019543973942,0.6104218362282878,20.0,0.7235294117647059,0.5342019543973942,0.6146158650843224,0.7216546224769499,0.5235942867474236,0.6068734283319362,20.0,0.7267252195734003,0.5235942867474236,0.6086591004623791,0.6909302325581396,0.5363784076548114,0.6039231629230614,20.0,0.6952960449333021,0.5363784076548114,0.6055849979616795,0.7949225189581273,0.9995854063018242,0.8855831037649219,20.0,0.7949225189581273,0.9995854063018242,0.8855831037649219,0.9679578035979676,0.9541433474661821,0.9610009321514154,0.7819030806901657,0.7206739096205322,0.7500409679357624
135,15,50,1,2,3,0,0,0,10,302532,0.7510793308148948,0.8854779704151423,0.812760055478502,14.666666984558105,0.9258273740229502,0.8854779704151423,0.9052032520325203,0.6995384442192952,0.8584058571625915,0.7708721002357027,8.0,0.7665627963690557,0.7815996684624948,0.7740082079343366,0.7862702366127023,0.8140209508460918,0.7999049806002059,4.666666507720947,0.8313014827018121,0.8132151490733279,0.8221588594704684,0.7827507350539039,0.42414586652504865,0.5501722158438576,20.0,0.7894563426688632,0.42414586652504865,0.551819438046983,0.6330196749358425,0.5258482856635281,0.5744784085395439,18.0,0.6464293513867657,0.5258482856635281,0.5799373040752351,0.667434554973822,0.536261147568568,0.5947005038253406,13.333333015441895,0.6693971854652384,0.536261147568568,0.5954783258594918,0.6249058498619131,0.9995983935742971,0.7690406303105206,20.0,0.6250627825213461,0.9995983935742971,0.7691594561186651,0.9491782286860222,0.9457748127805315,0.9474734643937338,0.7105625541898302,0.7064550479184626,0.7085028478437754
135,15,50,1,2,3,0,0,0,10,205277,0.7097170971709718,0.8745074264928766,0.7835415535035307,10.666666984558105,0.8142558278541542,0.825856320096999,0.820015048908954,0.8281944643625412,0.9195859872611465,0.8715007922734475,20.0,0.9403617402639727,0.9189490445859873,0.9295320930981719,0.661454428617329,0.8360633545417625,0.7385792872518536,17.33333396911621,0.8789781646924504,0.833762014349533,0.8557732388495206,0.831096196868009,0.5310936383130808,0.6480593109463585,13.333333015441895,0.8341285433623351,0.5310936383130808,0.6489791461949995,0.5923270683975974,0.5465760772394064,0.5685326390180397,20.0,0.5990593768371546,0.5465760772394064,0.5716155572176514,0.8168654173764907,0.5116485861639695,0.6291962821213778,20.0,0.8190096755833808,0.5118264271741063,0.6299660720148845,0.7811501597444089,1.0,0.8771300448430492,20.0,0.7813998082454459,1.0,0.8772874058127018,0.9513673639419409,0.9548405699593916,0.9531008027732896,0.7299204097516885,0.7355903041344062,0.7327443888545827
135,15,50,1,2,3,0,0,0,10,109032,0.8305918740334599,0.9205359925210346,0.8732540093119503,14.0,0.871067789100576,0.9189778747273294,0.8943816817044506,0.8609656777196044,0.9333123127857481,0.89568045994402,20.0,0.9621322931903137,0.9333123127857481,0.947503201024328,0.8347627215551744,0.9317166560306318,0.8805790108564536,20.0,0.9363476030142697,0.9317166560306318,0.9340263894442222,0.8417443773998903,0.5508885298869144,0.6659433655202344,20.0,0.8435953820780648,0.5508885298869144,0.6665218807688131,0.8353067814854682,0.5518222222222222,0.6645969382293117,20.0,0.8389189189189189,0.5518222222222222,0.6657372654155495,0.8491198658843252,0.5480613165013526,0.6661551950898729,20.0,0.8541315345699831,0.5480613165013526,0.6676919696803252,0.9220045214770158,1.0,0.9594197216232111,20.0,0.9223520542781757,1.0,0.9596078431372549,0.971321312472824,0.9648042854385582,0.9680518307516109,0.8480913823019086,0.7673810084517362,0.8057200159347226
135,15,50,1,2,3,0,0,0,10,461610,0.8272469568117392,0.8128789120104867,0.82,19.33333396911621,0.8956899674031148,0.8104211043748976,0.8509247311827958,0.7422561590548912,0.8232662192393736,0.7806652019092354,15.333333015441895,0.8515146498924019,0.8219878555449025,0.8364907716074477,0.6362266425557564,0.752584670231729,0.6895312755185367,6.666666507720947,0.7728080973874983,0.6714200831847891,0.7185552588070712,0.6615513392857143,0.41472800419800593,0.5098376518653909,20.0,0.6669479606188466,0.41472800419800593,0.5114322691975841,0.531110639201529,0.4326989619377163,0.47688054151968734,20.0,0.5399223133362107,0.4328719723183391,0.48050700979450744,0.5687074829931973,0.415506958250497,0.48018380241240666,20.0,0.5830232558139535,0.41534128561961564,0.4851006191950465,0.41499352331606215,1.0,0.5865659686462982,20.0,0.4160714285714286,1.0,0.587641866330391,0.9534305593384009,0.9401968316805897,0.9467674531630464,0.6317540877642384,0.6456498336269328,0.6386263809397045
135,15,50,1,2,3,0,0,0,10,189593,0.8013904034896401,0.9173037915431425,0.8554383412149872,3.3333332538604736,0.8284949267192785,0.9173037915431425,0.8706405035172159,0.8409682855829631,0.8899156939040207,0.8647499015360377,20.0,0.9279797125950973,0.8899156939040207,0.9085492013572788,0.6334935366257872,0.8212482543774842,0.7152547130093092,11.333333015441895,0.7918264621284755,0.7097432592115157,0.7485413244207784,0.7961344982790575,0.5365810135617416,0.6410830401876133,20.0,0.8048715203426124,0.5365810135617416,0.6438972162740899,0.7857722477684609,0.5151622628125554,0.6223221936589545,20.0,0.7904761904761904,0.5151622628125554,0.6237921408632167,0.6296804548127818,0.5575420933865648,0.5914196280611305,14.0,0.6412457576362547,0.5575420933865648,0.5964716805942432,0.8132013201320132,0.9983792544570502,0.8963259367042561,20.0,0.8132013201320132,0.9983792544570502,0.8963259367042561,0.9398172677595629,0.9466538674933289,0.9432231796563768,0.7367343990755008,0.7399052178538614,0.738316404082322
135,15,50,1,2,3,0,0,0,10,335703,0.7780282536819958,0.8311125381281105,0.8036947915858107,15.333333015441895,0.8786067952876899,0.8261358163429122,0.8515637928181368,0.7996197162498172,0.8404304381245196,0.8195173137460651,20.0,0.9228170917074818,0.8399692544196772,0.8794463222275872,0.7953870100466959,0.8670368656486195,0.8296678966789668,17.33333396911621,0.9031687308991475,0.8661113681937375,0.8842519685039371,0.6440937979399518,0.5296449810776717,0.5812895569620253,20.0,0.644800351031154,0.5296449810776717,0.5815771247650142,0.8032999029440311,0.44017018259173907,0.5687127805771874,20.0,0.8077423552374756,0.44017018259173907,0.5698221457257603,0.6637308039747064,0.5296449810776717,0.5891550566302496,20.0,0.6662888233960553,0.5296449810776717,0.5901606425702812,0.6698551516807871,1.0,0.802291325695581,20.0,0.6698551516807871,1.0,0.802291325695581,0.9625378682900257,0.952464561195573,0.957474720908051,0.74594341441913,0.7050016923998229,0.7248949214253206
135,15,50,1,2,3,0,0,0,10,496216,0.7937019969278034,0.8055815403804178,0.7995976477870628,15.333333015441895,0.9316501352569883,0.8054256314312441,0.8639518354377456,0.8156379916853214,0.8156379916853214,0.8156379916853214,9.333333015441895,0.9297957695113056,0.8153181963543332,0.8688021809507581,0.7892779671521537,0.7993095873215126,0.7942621033756919,20.0,0.9150467962562995,0.7977404675976777,0.8523765613211501,0.6295047964739435,0.4351254480286738,0.5145703083607078,20.0,0.6346053319393623,0.4351254480286738,0.5162662130554965,0.6295065200715929,0.44448456400072217,0.521058201058201,20.0,0.6312820512820513,0.44448456400072217,0.5216654306600276,0.6796697038724373,0.4288537549407115,0.5258867591980613,20.0,0.6825850729196454,0.4288537549407115,0.5267571444334107,0.4503225806451613,1.0,0.6209964412811388,20.0,0.4510709010339734,1.0,0.6217075963863087,0.9576954189485358,0.9382985600132033,0.9478977702479153,0.6982156278707234,0.6571301317823365,0.6770501538627653
135,15,50,1,2,3,0,0,0,10,187529,0.8052039381153305,0.8830788215332408,0.8423453247995293,16.66666603088379,0.8900187734668336,0.8775258368039488,0.8837281553398058,0.7872788542544229,0.8817424123289825,0.8318374007862918,20.0,0.9089285714285714,0.8804843528856738,0.8944803898074927,0.8214387261870912,0.9206500956022945,0.8682193839218633,10.0,0.9079195474544312,0.9206500956022945,0.9142405063291139,0.699597675458203,0.5513475427162233,0.6166880110333957,20.0,0.7019511101143754,0.5513475427162233,0.6176006314127861,0.8355966483675238,0.5201438848920863,0.6411706019288327,20.0,0.8355966483675238,0.5201438848920863,0.6411706019288327,0.8141543605461131,0.5302123026673925,0.6421978021978022,13.333333015441895,0.8173426573426573,0.5302123026673925,0.6431873211534228,0.8371855880353501,1.0,0.9113783533765033,20.0,0.8371855880353501,1.0,0.9113783533765033,0.9623570681101528,0.9504368322835282,0.956359807663572,0.7980801522444867,0.7440058441389027,0.7700949217536897
135,15,50,1,2,3,0,0,0,10,491145,0.7672669701167624,0.6201215611004478,0.6858911985846969,15.333333015441895,0.9294456443484521,0.6194817658349329,0.7434494673193205,0.8099831572500383,0.8485723452037215,0.8288288288288289,17.33333396911621,0.8534774891076328,0.8484119345524542,0.8509371731960422,0.6516332034761763,0.6447739065974796,0.648185408748789,6.666666507720947,0.7922696464553948,0.6412157153446998,0.7087840052441823,0.08695652173913043,0.003879386351613472,0.007427413909520594,13.333333015441895,0.10185185185185185,0.003879386351613472,0.007474095464582979,0.4118802160039273,0.5525189331577214,0.4719448741386584,20.0,0.4160158671129292,0.5525189331577214,0.4746481861254508,0.5954067920840459,0.4273938968782883,0.49760081674323636,20.0,0.6060681422531708,0.4273938968782883,0.5012856114367994,0.3405119869971556,1.0,0.5080327371930888,20.0,0.3412978550095031,1.0,0.5089068825910931,0.9474857016844981,0.9410242597122747,0.9442439269488129,0.5728333551855251,0.5573841600326598,0.5650031683629263
135,15,50,1,2,3,0,0,0,10,197796,0.800405855921148,0.8530820330604048,0.825904875860006,14.0,0.8707472178060414,0.8461300787888151,0.8582621640680091,0.79301146972526,0.9164611590628853,0.8502788502788502,9.333333015441895,0.8549975779105442,0.8161220715166461,0.8351076413532056,0.7964115178700623,0.8771314741035856,0.8348248141968754,18.0,0.9104031856645097,0.8744223107569721,0.8920500731588359,0.8123971475589687,0.5328296456197158,0.6435632808256383,20.0,0.8146314631463146,0.5328296456197158,0.6442631865144101,0.6552614590058102,0.5526315789473685,0.5995864920744315,20.0,0.6696723114141192,0.5526315789473685,0.6055483742666798,0.7991924629878869,0.5346659463353143,0.6406991799741044,13.333333015441895,0.8033008658008658,0.5346659463353143,0.6420153530111364,0.8232063165121868,1.0,0.9030314441724723,20.0,0.8232063165121868,1.0,0.9030314441724723,0.9504091737594276,0.940605145802438,0.9454817451229931,0.7824118799856469,0.7409556670849017,0.7611196885278915
135,15,50,1,2,3,0,0,0,10,480524,0.6218508671983796,0.6207506634651839,0.6213002782696687,2.6666667461395264,0.6641098102543399,0.6236572728421584,0.6432481751824818,0.6926353149955634,0.5982526057633354,0.6419935849987664,17.33333396911621,0.9337189684261268,0.5938074800735745,0.7259439707673568,0.6772624836911398,0.8474324725437815,0.7528512097040017,6.0,0.7520858164481525,0.8428317008014248,0.7948771782490027,0.3036999493157628,0.5087451180166412,0.3803478481655453,20.0,0.3199145755472504,0.5087451180166412,0.3928149993444342,0.29328621908127206,0.014540995094604065,0.02770822901018194,20.0,0.31086142322097376,0.014540995094604065,0.02778242677824268,0.630554825138049,0.40397574123989216,0.49245302392442747,20.0,0.6521620886592331,0.40397574123989216,0.4989077291168209,0.3093446601941748,1.0,0.4725183056817129,20.0,0.3099088145896656,1.0,0.47317616484128455,0.9254595158309626,0.9048095647757155,0.9150180491045579,0.5107120210163965,0.5465981530406961,0.5280460819781534
135,15,50,1,2,3,0,0,0,10,478777,0.7809623430962344,0.6511425082853655,0.7101683629791687,14.0,0.9144753010567707,0.6490493633350776,0.7592328096306875,0.8165137614678899,0.862156582499603,0.8387146608991194,20.0,0.8841166936790924,0.5197713196760362,0.6546654665466546,0.7909109029300379,0.6263614838200473,0.6990838618745595,15.333333015441895,0.9372197309417041,0.626835043409629,0.7512296632614454,0.604172311026822,0.39942683145262403,0.4809143843001942,20.0,0.6105493304181471,0.40014329213684396,0.4834451417442112,0.4491907667816397,0.5400318979266348,0.49044032444959446,20.0,0.4583107742284786,0.5400318979266348,0.4958266217601406,0.2876712328767123,0.014682747771368642,0.027939464493597205,20.0,0.2937062937062937,0.014682747771368642,0.0279673714000333,0.350730124391563,1.0,0.5193193193193193,20.0,0.3509199134199134,1.0,0.519527338273583,0.9360140934645174,0.9159434133696126,0.9258699949282807,0.6058309532562283,0.5559909687800068,0.5798419400238172
135,15,50,1,2,3,0,0,0,10,327105,0.8184125909629378,0.7725239616613419,0.7948064754704577,16.66666603088379,0.9464075382803298,0.7701277955271566,0.8492161352827197,0.7930729550478998,0.8475350448889589,0.8194000304553067,17.33333396911621,0.921968787515006,0.8467475192943771,0.882758620689655,0.814123006833713,0.8345267745952677,0.824198631716504,15.333333015441895,0.8678634966844574,0.8353051058530511,0.8512731022447846,0.6079496090356212,0.5052346570397112,0.5518533123028392,20.0,0.6318284424379232,0.5052346570397112,0.5614844533600801,0.6100707449022056,0.5260136347326875,0.5649325626204238,20.0,0.6157076858462831,0.5260136347326875,0.5673374613003096,0.8183098591549296,0.4197218710493047,0.5548525725199952,20.0,0.8258706467661692,0.4197218710493047,0.556580050293378,0.6057812110640418,1.0,0.7545003103662322,20.0,0.606083271004737,1.0,0.7547345544861844,0.9556001025066932,0.9294969243459623,0.942367786413239,0.7333295819031006,0.6838252656434475,0.7077127767897146
135,15,50,1,2,3,0,0,0,10,327797,0.8026315789473685,0.8346857597454256,0.81834490289369,20.0,0.9432943294329433,0.8337311058074781,0.8851351351351351,0.7350610984288976,0.8481561822125814,0.7875692396230488,17.33333396911621,0.9268747879199185,0.8464518128292532,0.8848396501457726,0.8329979879275654,0.7918393369461268,0.8118973688511195,13.333333015441895,0.9214192829277355,0.7905642333439592,0.8509908209659431,0.8077818423678085,0.4305210918114144,0.5616834316105909,20.0,0.8327048337332876,0.4305210918114144,0.5675896716906181,0.6069023569023569,0.5203897509924215,0.5603264037303283,20.0,0.6146632566069906,0.5203897509924215,0.5636114911080711,0.6188463976336361,0.5228489825062478,0.5668118045476537,20.0,0.6353579175704989,0.5228489825062478,0.5736388562475518,0.6263652527305055,1.0,0.7702639387786975,20.0,0.6273212922920377,1.0,0.7709863998749414,0.9625766520507231,0.9524216561044736,0.9574722287424089,0.7256432812843633,0.6898209852345485,0.7072788413874411
135,15,50,1,2,3,0,0,0,10,302027,0.8116666666666666,0.7796990073647134,0.7953617507757634,16.0,0.8921694480102695,0.7788984950368235,0.8316950166680912,0.7342964013930091,0.863622572815534,0.7937260369466713,20.0,0.8957248777409687,0.8613470873786407,0.8781996751991339,0.7723555790029016,0.8773033707865169,0.8214911973065863,10.666666984558105,0.8855668538473213,0.8741573033707866,0.8798250904704464,0.6457202505219206,0.5225544855549924,0.5776449715192828,20.0,0.6640188922284243,0.5225544855549924,0.5848539283350667,0.6287647315582715,0.5162157319476797,0.5669585752238512,20.0,0.6343020695728754,0.5162157319476797,0.569198854094636,0.7625830959164293,0.4347590687601516,0.5537931034482759,20.0,0.7754182754182755,0.43493954159898934,0.5572898600994334,0.6267304304052354,1.0,0.7705399969054619,20.0,0.6313387423935092,1.0,0.7740130556419024,0.9589476291148729,0.9445770091359241,0.9517080737758953,0.7212664182457253,0.6990062493596968,0.7099618901447654
135,15,50,1,2,3,0,0,0,10,107076,0.7609541745134966,0.9186117005153077,0.8323834374785416,12.0,0.866917401996239,0.9083055471354956,0.8871290059951151,0.8024024834660548,0.9300688360450563,0.8615317730599231,20.0,0.9224204809930179,0.9300688360450563,0.9262288696735997,0.7568683090416612,0.9238035264483627,0.8320453739808578,10.666666984558105,0.8905154010369015,0.9193954659949622,0.9047250193648335,0.8519645821804095,0.5525843503230438,0.6703679512301328,14.0,0.8522003874896208,0.5525843503230438,0.6704409363091998,0.8038203407330924,0.5569665533893757,0.6580031695721077,20.0,0.8067357512953368,0.5569665533893757,0.6589778859379959,0.8329718004338394,0.552418629742852,0.6642880311385014,13.333333015441895,0.8377420234524134,0.552418629742852,0.6657997399219766,0.9264367816091954,0.9946524064171123,0.9593334655822258,20.0,0.9264367816091954,0.9946524064171123,0.9593334655822258,0.961848213321818,0.958658893278506,0.9602509051031562,0.8007206133340558,0.7677741122684885,0.7839013393449146
135,15,50,1,2,3,0,0,0,10,460116,0.7543759512937596,0.6401356151113982,0.6925764192139738,18.66666603088379,0.8856311548791406,0.6388440426218922,0.7422622397298819,0.8124503731935843,0.8164698372167252,0.8144551460638383,10.0,0.8857340720221607,0.8164698372167252,0.8496927420694237,0.7275312855517634,0.6116690578670493,0.6645882047285009,16.66666603088379,0.9170661553211888,0.6099155109198151,0.7325993298228819,0.662774138422102,0.40469565217391307,0.5025375229456862,20.0,0.6690626797009775,0.40469565217391307,0.5043346337234503,0.4010525027536409,0.5413844374690236,0.4607705286839145,20.0,0.4107030956260183,0.5413844374690236,0.46707525655644244,0.6418842224744609,0.4020618556701031,0.4944262295081967,20.0,0.6455298486146815,0.40170636331318876,0.4952339213323108,0.5037109375,1.0,0.6699571372905572,20.0,0.5055871397765144,1.0,0.6716145833333333,0.9546841586775271,0.920648056047017,0.9373572404124114,0.6288321266115792,0.6030561936966005,0.615674493372335
135,15,50,1,2,3,0,0,0,10,305533,0.6851851851851852,0.7741038771031455,0.7269354949508828,6.666666507720947,0.779293978048057,0.7686905632772495,0.7739559549237681,0.6829433247666712,0.7753378378378378,0.7262135922330097,8.0,0.7790661719233147,0.7738022113022113,0.7764252696456085,0.7804992934526613,0.816256157635468,0.7979773657596918,14.0,0.9019963702359347,0.8160919540229885,0.856896551724138,0.5827774408732566,0.4989615784008307,0.5376223776223776,19.33333396911621,0.5912259122591226,0.49913464866735896,0.5412912912912913,0.676017130620985,0.5100985619647762,0.5814531724836541,20.0,0.6834812730028145,0.5100985619647762,0.5841968911917098,0.5848938826466916,0.4967308711786535,0.5372193024366937,20.0,0.5916649126499685,0.4967308711786535,0.5400576368876081,0.6709183673469388,1.0,0.8030534351145038,20.0,0.6716036772216547,1.0,0.8035441490986862,0.9379556453214267,0.9291453492619853,0.9335297107041352,0.6727094684510508,0.6749804751467513,0.6738430583501006
135,15,50,1,2,3,0,0,0,10,296140,0.8548895899053628,0.8783017339167072,0.866437534969227,18.0,0.9587537617277394,0.877653540755145,0.9164128595600677,0.6808835624485959,0.823504334233338,0.7454334962696166,15.333333015441895,0.8536259825003708,0.8179621998010516,0.8354136429608128,0.6548839154988496,0.8294039735099338,0.7318840579710145,12.0,0.8088991073843657,0.7921854304635761,0.8004550321199143,0.695195530726257,0.5285423037716616,0.6005211852137824,20.0,0.6983164983164983,0.5285423037716616,0.601682622570351,0.8108658743633277,0.4246843322070069,0.5574229691876751,20.0,0.8180883864337102,0.4246843322070069,0.5591196441114493,0.6003068661296509,0.5221888555221889,0.5585296216987865,14.0,0.6128084606345476,0.522022022022022,0.5637837837837837,0.6573105384026537,0.9980627663696242,0.7926153846153845,20.0,0.6574783052577846,0.9980627663696242,0.792737344206801,0.9514811691200034,0.9447634244682215,0.948110397460725,0.7001415808231216,0.7022672738847265,0.7012028163504792
135,15,50,1,2,3,0,0,0,10,195347,0.6265149641355429,0.8520968827091276,0.7220981612581365,18.0,0.8509597750336227,0.7804440457501682,0.8141779259519215,0.8247947919615058,0.9290610553164356,0.873828622835295,20.0,0.947702834799609,0.9273075083692014,0.9373942470389172,0.7079912108245634,0.8760732684602175,0.7831148065238247,16.66666603088379,0.8446817362363056,0.8716370921579851,0.8579477427987887,0.8335766423357664,0.5057573073516386,0.62954796030871,20.0,0.8352837916910474,0.5057573073516386,0.6300342050093788,0.6000745434215431,0.5568044267681135,0.5776302807426676,20.0,0.613536701620591,0.5564585855092512,0.5836053681537903,0.8074380165289257,0.5274428648551377,0.6380755415260695,20.0,0.8105641592920354,0.5274428648551377,0.6390493840619209,0.7922953451043339,0.9983818770226537,0.8834795059960623,20.0,0.7922953451043339,0.9983818770226537,0.8834795059960623,0.955291751171072,0.9597890069566547,0.9575350985268637,0.7151782009313477,0.745100393889903,0.7298327334321405
135,15,50,1,2,3,0,0,0,10,323919,0.7859405641876602,0.8324013420674229,0.808504034761018,20.0,0.8330281338438489,0.7994887362198434,0.815913908364585,0.7052385636989671,0.8335755813953488,0.7640554223288035,6.666666507720947,0.8377109317681585,0.829796511627907,0.8337349397590361,0.8363104404065291,0.8617899079657252,0.8488590184432635,14.0,0.9603890362511052,0.8617899079657252,0.908421844944384,0.605998775760049,0.5326398852223816,0.5669561897489739,20.0,0.6130829550144449,0.5328192252510761,0.5701400882748033,0.8265709156193896,0.4174827711280377,0.5547656344137848,20.0,0.8301478543094122,0.4174827711280377,0.555568963436708,0.657092355280601,0.5323071415786648,0.5881538613665579,20.0,0.6717867630449514,0.5323071415786648,0.5939684441781505,0.6510263929618768,1.0,0.7886323268206039,20.0,0.651547491995731,1.0,0.7890145395799676,0.9536145731104623,0.9430269864859234,0.9482912283550208,0.7271750228384115,0.7018672199170124,0.7142970255219193
135,15,50,1,2,3,0,0,0,10,105420,0.8036852313660293,0.9132556675062973,0.8549742078113486,17.33333396911621,0.9314056224899598,0.9127833753148614,0.9220004770613023,0.8055250137438152,0.9251775848460931,0.861215193593417,17.33333396911621,0.8716346868957311,0.9250197316495659,0.8975340787256855,0.7962046204620462,0.9262517997120461,0.8563188641573617,13.333333015441895,0.9068128425998434,0.9262517997120461,0.9164292497625831,0.8162883845126836,0.5507115834984687,0.6577022375215146,20.0,0.8282308317529125,0.5507115834984687,0.6615451201038736,0.8212305254819118,0.5558534405719392,0.6629716478362822,20.0,0.8236228813559322,0.5558534405719392,0.6637498666097534,0.795687885010267,0.554462529064568,0.6535258775166016,20.0,0.7993811242908716,0.554462529064568,0.6547681909388532,0.9141242937853107,1.0,0.9551357733175915,13.333333015441895,0.9141242937853107,1.0,0.9551357733175915,0.9680787167597552,0.9613386093464737,0.9646968903154781,0.8130212837178163,0.7649467219568526,0.7882516801665967
135,15,50,1,2,3,0,0,0,10,318653,0.679842810910772,0.877910447761194,0.7662845231891611,10.666666984558105,0.8049924148393325,0.8711940298507462,0.836785893484338,0.8560593001206689,0.7886295061140226,0.8209621425028932,20.0,0.9575862733757471,0.788788311894553,0.8650296064089167,0.8293113596233078,0.895598283807405,0.8611811444724576,20.0,0.9349485562562231,0.8952804703638964,0.9146846334929782,0.6945686900958467,0.5270728947793761,0.5993383569196838,20.0,0.7052335640138409,0.5270728947793761,0.6032744426972528,0.8348134991119005,0.4203183688070113,0.5591244349274328,20.0,0.8351101634683724,0.4203183688070113,0.5591909577632361,0.6729992875801473,0.5021261516654855,0.5751395230847286,20.0,0.6819056785370549,0.5021261516654855,0.5783673469387755,0.6238130021913806,1.0,0.7683310841205578,13.333333015441895,0.6238130021913806,1.0,0.7683310841205578,0.9684754143691342,0.9523587878322569,0.9603494883804953,0.7414569679316018,0.6999796302897592,0.7201215439221491
135,15,50,1,2,3,0,0,0,10,178558,0.8284964495214573,0.8609239653512993,0.8443989930774072,20.0,0.9162965493679536,0.8604427333974976,0.8874917273328922,0.8025061291201308,0.9144808319106007,0.854842219804135,20.0,0.8890242045973512,0.9064100574266646,0.8976329541961267,0.8012679162072768,0.9026548672566371,0.8489450244579105,19.33333396911621,0.9012441679626749,0.8997050147492626,0.9004739336492891,0.8307155322862129,0.5119196988707654,0.6334701120106466,14.0,0.8331388564760793,0.5119196988707654,0.63417342067281,0.7295755362848014,0.5581354748603352,0.6324431256181998,20.0,0.7314115762983299,0.5581354748603352,0.6331319932666601,0.8326122228231476,0.5439929328621909,0.6580465911519556,20.0,0.8328374357587233,0.5439929328621909,0.6581169178155392,0.8267743020517996,1.0,0.905174001104769,20.0,0.8267743020517996,1.0,0.905174001104769,0.9697910401727196,0.9600374329428216,0.9648895885501056,0.8058874799673855,0.7436629219313494,0.7735258399676158
135,15,50,1,2,3,0,0,0,10,678982,0.6200781484821161,0.6528481012658228,0.636041313396023,11.333333015441895,0.8981643356643356,0.6503164556962026,0.7544052863436125,0.7635897435897436,0.4498489425981873,0.5661596958174905,14.0,0.8782070185785904,0.4498489425981873,0.5949455598841275,0.8113716538700976,0.6308486608583413,0.7098121085594989,20.0,0.9336832061068703,0.6314940303323653,0.7534167468719923,0.3853296193129062,0.4249146757679181,0.4041551696153222,20.0,0.39709867686912165,0.4250853242320819,0.41061567625484213,0.06130268199233716,0.0028439388553146107,0.005435705792423986,20.0,0.06808510638297872,0.0028439388553146107,0.005459819143490871,0.3749799775748839,0.4108459108459108,0.3920944644502135,20.0,0.3837704918032787,0.4108459108459108,0.39684692320732323,0.2501507537688442,0.9987961476725522,0.4000964475164765,20.0,0.25093255368484724,0.9987961476725522,0.4010958021110305,0.9400265638025801,0.8939929922161864,0.9164320606927807,0.4792499151192248,0.47276755809759363,0.4759866671854532
135,15,50,1,2,3,0,0,0,10,156078,0.7270058708414873,0.8765668780415868,0.794811793808919,20.0,0.8806413301662708,0.8747972275475594,0.8777095509358587,0.8112455320318944,0.9316387748658036,0.8672839506172839,14.666666984558105,0.9476473422193673,0.9316387748658036,0.9395748746118939,0.8033352501437608,0.8717628705148206,0.8361514289989526,14.0,0.8702551337896702,0.8726989079563182,0.871475307680324,0.8112416107382551,0.516928011404134,0.6314758380496299,18.0,0.821347678369196,0.516928011404134,0.6345144356955381,0.6775263363246196,0.571969696969697,0.6202893373816752,20.0,0.6829891838741396,0.571969696969697,0.6225687908936093,0.8179046563192904,0.5214702244212759,0.6368835653393763,20.0,0.821776663881927,0.5214702244212759,0.638054054054054,0.827382902063544,0.999604273842501,0.9053763440860215,20.0,0.827382902063544,0.999604273842501,0.9053763440860215,0.9498083705282474,0.9443224092958581,0.9470574454314067,0.7753448595408933,0.7433430638405889,0.7590067907314291
135,15,50,1,2,3,0,0,0,10,199483,0.6992318511305853,0.9068331696365932,0.7896151496640196,20.0,0.8774543935385044,0.8841027080117861,0.8807660050321499,0.7792154726232634,0.8951650758879675,0.8331755625136532,20.0,0.947970173985087,0.8951650758879675,0.920811202317721,0.7788248337028825,0.861831007514185,0.8182281429715368,20.0,0.8710583827661568,0.8556969789909523,0.8633093525179857,0.770013037809648,0.5327440014432617,0.6297718063552996,20.0,0.7765509989484752,0.5329244091647123,0.632074462394351,0.82296918767507,0.5288928892889289,0.643945205479452,20.0,0.8236613400616765,0.5288928892889289,0.6441569831177374,0.6214896214896215,0.5501711403350747,0.5836598184424271,20.0,0.6309917355371901,0.5501711403350747,0.5878163795592339,0.8121639784946236,1.0,0.896347116632672,20.0,0.8121639784946236,1.0,0.896347116632672,0.9666208827184025,0.9664380811619165,0.9665294732967581,0.7460098219766728,0.7458381281166091,0.7459239651666859
135,15,50,1,2,3,0,0,0,10,486780,0.6904972571226332,0.6345747275979834,0.6613559322033898,14.0,0.8274100872526069,0.632297934623516,0.7168141592920354,0.6930907240106884,0.7167105263157895,0.7047027621450288,12.0,0.8547838756677999,0.6947368421052632,0.7664948827756406,0.7379329531228266,0.8053742219523303,0.7701800232288037,16.0,0.8979488048821834,0.8041597085167754,0.8484702867211277,0.4086551264980027,0.5216726160122387,0.4582991114761442,20.0,0.42935086737548966,0.5216726160122387,0.4710306192924565,0.5774647887323944,0.41480298189563364,0.4828013634955066,20.0,0.5885167464114832,0.41480298189563364,0.4866215512753774,0.33663366336633666,0.023676880222841225,0.04424202992843201,20.0,0.3708791208791209,0.023502785515320333,0.04420432220039293,0.31389515926761974,1.0,0.47780853297699716,20.0,0.31579611405500885,1.0,0.4800076709176336,0.946010028569568,0.9251539051911364,0.935465734979307,0.5586208593788453,0.5660598503740648,0.562315752966532
135,15,50,1,2,3,0,0,0,10,183621,0.7977431795457792,0.8917451700463037,0.8421290711700844,12.0,0.9367979882648785,0.8922241737186651,0.9139679424272162,0.8053300865800865,0.9168335130140151,0.857472092185812,20.0,0.8475444839857651,0.9169875250269521,0.880899541352271,0.7675395602856743,0.8477958236658932,0.805673967367338,10.0,0.8705620124184047,0.8457849961330239,0.8579946649929389,0.8116063919259883,0.5240767559739319,0.6368936310636893,20.0,0.8212765957446808,0.5240767559739319,0.6398497071499613,0.6357423897287223,0.5489985693848355,0.5891948949237117,20.0,0.6457719814892722,0.5489985693848355,0.5934660738449642,0.7975897014516571,0.5228945950799067,0.6316702819956616,20.0,0.7991218441273326,0.5228945950799067,0.6321502225116683,0.8386440677966102,1.0,0.9122418879056048,13.333333015441895,0.8386440677966102,1.0,0.9122418879056048,0.9477146503542666,0.944953355507385,0.9463319886448528,0.7766006952998823,0.7391870766023971,0.757432152821348
135,15,50,1,2,3,0,0,0,10,175366,0.8033983991012498,0.8812384473197782,0.8405200910893998,4.666666507720947,0.8438053097345133,0.8812384473197782,0.8621157323688968,0.8115622241835834,0.8762706480304956,0.8426760348251108,16.0,0.9216474133601206,0.8743646759847522,0.8973836498492135,0.7783310901749664,0.9144528779253637,0.840919005380253,18.0,0.8934261407579273,0.9133459835547122,0.9032762530299476,0.7044053868979685,0.5514653323802716,0.618622832514784,20.0,0.7063401235980774,0.5514653323802716,0.6193677872553939,0.821438263229308,0.5367973044866111,0.6492921492921492,20.0,0.8227779287849959,0.5367973044866111,0.6497102382485512,0.8275862068965517,0.5304582210242588,0.6465177398160317,14.0,0.82893998878295,0.5311769991015274,0.6474646807578578,0.8402753872633391,1.0,0.9132061354283576,14.0,0.8414339882799035,1.0,0.9138899288655934,0.9645006505412994,0.9508349312135823,0.9576190391374003,0.7949118065037478,0.7438010064401742,0.7685075431034483
135,15,50,1,2,3,0,0,0,10,327581,0.7912388774811773,0.9122474747474747,0.8474452019646654,20.0,0.903755868544601,0.9114583333333334,0.9075907590759076,0.6666666666666666,0.6638513513513513,0.6652560304697419,9.333333015441895,0.7847759582508548,0.6138795045045045,0.6888871337177159,0.6844862116777076,0.6983652939327255,0.691356103633393,20.0,0.8822941646682654,0.6939641622131405,0.7768784092908674,0.8152610441767069,0.42970541541718116,0.5627815640522121,13.333333015441895,0.8193743693239153,0.42970541541718116,0.563758389261745,0.7894736842105263,0.41110517885744796,0.5406670567583381,20.0,0.7971014492753623,0.41110517885744796,0.5424445227192674,0.3631531327753902,0.5535252542665058,0.4385713310114048,17.33333396911621,0.3733720930232558,0.5535252542665058,0.4459412540795778,0.5654237288135593,1.0,0.7223906453009961,20.0,0.5655515370705244,1.0,0.7224949465781114,0.9539510983078812,0.9556235616384234,0.9547865975761294,0.6341414696262265,0.6447338359607037,0.6393937868183878
135,15,50,1,2,3,0,0,0,10,106422,0.8429090909090909,0.908307210031348,0.8743870237646171,20.0,0.9051724137931034,0.9051724137931034,0.9051724137931035,0.8099319727891157,0.9323414252153485,0.8668365489625045,20.0,0.9512390087929656,0.9318715740015662,0.9414556962025317,0.8321157427302679,0.9352761230075672,0.8806852637962402,20.0,0.953125,0.9330220576396715,0.9429663981775283,0.8359099538920531,0.5534207218531154,0.6659464131374244,20.0,0.8386394557823129,0.5534207218531154,0.6668109043704024,0.8371128318584071,0.5492651061513337,0.6633066725101348,20.0,0.8375760929717764,0.5492651061513337,0.6634520547945206,0.8526403096488803,0.5525891417308726,0.6705805609915197,19.33333396911621,0.853584278992527,0.5525891417308726,0.6708723080269741,0.91324028668427,1.0,0.9546529968454258,8.0,0.91324028668427,1.0,0.9546529968454258,0.9659894693064024,0.9592122015873783,0.96258890647383,0.8388015067429623,0.7664879920121919,0.8010159950573214
135,15,50,1,2,3,0,0,0,10,319639,0.7283102061989366,0.8506513177824901,0.784741144414169,6.666666507720947,0.8077709611451943,0.8376249621326871,0.8224271267102915,0.720707343412527,0.7647901446784129,0.7420946556397248,8.0,0.8023489414309999,0.7437329895430455,0.7719298245614035,0.7286605602017788,0.8630503144654088,0.7901821060965954,20.0,0.9286805909322465,0.8599056603773585,0.8929708547636541,0.5978909669717469,0.5230635335073978,0.5579797604679232,20.0,0.6019631410256411,0.5230635335073978,0.5597466703921021,0.7844594594594595,0.41635287789133946,0.5439850064425442,20.0,0.7946611909650924,0.41635287789133946,0.5464172255559478,0.5871451104100947,0.5136253880648499,0.5479300827966881,19.33333396911621,0.6021027092600081,0.5136253880648499,0.5543559195830231,0.5881936245572609,1.0,0.7407077014570324,20.0,0.5881936245572609,1.0,0.7407077014570324,0.9579548979577114,0.9525656683040029,0.955252682114471,0.6819376642883965,0.6886787682661678,0.6852916388885395
135,15,50,1,2,3,0,0,0,10,277860,0.7848243035139297,0.8477241796461515,0.8150625181738878,16.0,0.8793890725869942,0.8445486163617117,0.8616167849429188,0.7207792207792207,0.851150202976996,0.7805584281282315,10.0,0.8155325443786983,0.8288979100887085,0.822160912683618,0.7444503878042257,0.8504430186373357,0.7939247005134056,9.333333015441895,0.8581352269218895,0.8492208982584785,0.8536547911547911,0.7928327645051194,0.4210621714700018,0.5500177577838286,20.0,0.796639231824417,0.4210621714700018,0.5509308668326812,0.633457095709571,0.5379225783850061,0.581794070285119,20.0,0.6366839378238341,0.5380977404098791,0.5832542244161761,0.6295757071547421,0.5340508115737473,0.5778923253150058,19.33333396911621,0.636325415177633,0.5340508115737473,0.5807194244604316,0.6662176724137931,1.0,0.7996766370250606,20.0,0.6662176724137931,1.0,0.7996766370250606,0.9492096686871689,0.9525922453697538,0.9508979488747391,0.7151368220153199,0.7077622074176175,0.7114304041051956
135,15,50,1,2,3,0,0,0,10,172739,0.7997508995294769,0.8797381641041254,0.8378397970279087,16.0,0.8990580847723705,0.8718221951590805,0.8852306978900997,0.8508328375966686,0.9194792671166827,0.8838251197281013,17.33333396911621,0.89082697399159,0.9193185470909675,0.9048485327849403,0.7722145804676753,0.8766396002498439,0.8211203744332309,16.0,0.8878158699501046,0.8613366645846346,0.8743758421177777,0.8111201962387572,0.5306704707560628,0.6415867198447776,20.0,0.8124488124488124,0.5306704707560628,0.6420019415381296,0.6846071044133477,0.5553615089067412,0.6132484813422042,20.0,0.6880138468195587,0.5553615089067412,0.6146115191341321,0.8319280494659921,0.5267841252891974,0.6450909883404162,20.0,0.8394781622234827,0.5267841252891974,0.6473482777474029,0.826890756302521,0.9991876523151909,0.9049107963950707,20.0,0.826890756302521,0.9991876523151909,0.9049107963950707,0.9624616831827691,0.9565477399408752,0.959495598859131,0.7954639975600964,0.7430717430717431,0.7683758051341109
135,15,50,1,2,3,0,0,0,10,322809,0.7764505119453925,0.777898663350948,0.7771739130434782,17.33333396911621,0.8228949199721642,0.36757848927572273,0.5081650193382037,0.8214731585518102,0.8214731585518102,0.8214731585518102,20.0,0.9033144427271166,0.8208489388264669,0.8601095576813017,0.7571778964074448,0.8087532747726922,0.7821162444113263,17.33333396911621,0.9383647798742139,0.8047464940668824,0.8664343786295005,0.6728884741017266,0.5226531351939109,0.5883312933496533,20.0,0.6769953051643193,0.5226531351939109,0.5898956841889957,0.6617848970251716,0.5138592750533049,0.5785157031406282,20.0,0.6649804552770752,0.5138592750533049,0.5797333867896161,0.6289905090595341,0.5296040682891391,0.5750345099585881,20.0,0.6329498589103538,0.5296040682891391,0.5766834767131415,0.7442852788783907,1.0,0.8533985671850428,20.0,0.7442852788783907,1.0,0.8533985671850428,0.9661567640585478,0.9402856211649232,0.9530456520237245,0.7330161174982123,0.6935849056603773,0.7127555727906075
135,15,50,1,2,3,0,0,0,10,206497,0.8369098712446352,0.9234411996842936,0.8780487804878049,20.0,0.9372089288581982,0.9212312549329124,0.9291514090113039,0.815966512184183,0.8871911573472041,0.8500895568880928,20.0,0.9459272097053726,0.8871911573472041,0.9156181848683107,0.6714570439525858,0.88546133628441,0.7637513423219188,15.333333015441895,0.8257023933402705,0.8781297551528565,0.8511094724140242,0.8344594594594594,0.534054054054054,0.6512854317732366,20.0,0.8358714043993232,0.534054054054054,0.6517150395778364,0.8071120689655172,0.5374955148905634,0.6452724531552875,20.0,0.8090737240075614,0.5374955148905634,0.6458984585534117,0.6779697624190065,0.5564616202800922,0.6112355174763898,20.0,0.6871716287215411,0.5564616202800922,0.6149475952590852,0.8424158278375564,0.9991766158913133,0.9141242937853107,20.0,0.8424158278375564,0.9991766158913133,0.9141242937853107,0.9672194082710943,0.9629905485925622,0.9651003459683708,0.7696053913180825,0.751349267540478,0.7603677646722238
135,15,50,1,2,3,0,0,0,10,317756,0.7030573593073594,0.8018824255516124,0.7492251135298781,17.33333396911621,0.7949469058952765,0.6699583397623824,0.7271204889893662,0.7698287220026351,0.887050250493396,0.8242928687310432,20.0,0.8487982520029134,0.8846212236222863,0.8663395777579542,0.7839174058455722,0.8546290424857323,0.8177474402730376,14.666666984558105,0.8988482724086129,0.8536778693722258,0.8756809496707049,0.6340063761955367,0.5220511025551278,0.5726077358671656,20.0,0.645363951473137,0.5213510675533777,0.5767666989351404,0.5929810407422348,0.5258451082096226,0.557398805573988,14.666666984558105,0.5987780040733197,0.5258451082096226,0.5599466717455481,0.8188679245283019,0.42165695106871576,0.5566697761194029,20.0,0.8183064792595132,0.42165695106871576,0.5565399860107251,0.6147965474722564,1.0,0.7614538790470372,20.0,0.6147965474722564,1.0,0.7614538790470372,0.9606492939292474,0.945202470743085,0.9528632845121993,0.7075236412761093,0.7012746234067208,0.704385272931835
135,15,50,1,2,3,0,0,0,10,202186,0.8221875885519977,0.9208187876864488,0.8687125748502993,20.0,0.9452054794520548,0.9197080291970803,0.9322824513430915,0.8199168847160228,0.85232,0.8358045030203185,18.66666603088379,0.9221048987363684,0.85232,0.8858401928993099,0.7066105471651399,0.8387950036737692,0.7670496539676139,12.666666984558105,0.8362779740871613,0.8346803820720059,0.8354784143561079,0.836245188036719,0.5120580235720762,0.6351776878092668,13.333333015441895,0.8374851720047449,0.5120580235720762,0.6355350511983796,0.8167613636363636,0.5185786435786436,0.6343777581641659,20.0,0.8190883190883191,0.5185786435786436,0.6350784183786172,0.6282626427406199,0.552943287867911,0.5882016036655212,20.0,0.6303191489361702,0.552943287867911,0.5891013384321223,0.7634749524413443,1.0,0.8658755843221863,13.333333015441895,0.7634749524413443,1.0,0.8658755843221863,0.9624331710423327,0.9581574416028449,0.960290546885018,0.7659888488028862,0.7299197833107616,0.7475194708204418
135,15,50,1,2,3,0,0,0,10,643896,0.4104395604395604,0.10972385428907168,0.17315716272600834,6.666666507720947,0.457124842370744,0.10649236192714454,0.17274243507267095,0.6383597883597883,0.8677775113881563,0.7355959760186973,8.0,0.7627332036168021,0.7988491968352913,0.7803735581708531,0.35645933014354064,0.0729081715870168,0.12105619498984428,2.0,0.38596491228070173,0.08253139781438591,0.13598495028218222,0.20596205962059622,0.010358457135068829,0.019724889696340512,12.666666984558105,0.2345679012345679,0.010358457135068829,0.019840751860070487,0.2637625171554923,0.5373304338821581,0.3538356631435391,8.666666984558105,0.26849981875614937,0.536916226571399,0.35798122065727705,0.3056379821958457,0.015008013988051872,0.02861111111111111,2.6666667461395264,0.3083832335329341,0.015008013988051872,0.028623037376684732,0.30326807343642875,0.9997488699146158,0.46536910398036124,8.666666984558105,0.3039230651808884,1.0,0.46616717396394286,0.872696021996808,0.8168928573751759,0.8438729157520317,0.37107679465776294,0.3620114006514658,0.3664880461665293
135,15,50,1,2,3,0,0,0,10,341909,0.8525477707006369,0.8599421779633794,0.8562290100751638,20.0,0.9365691256351849,0.8584966270478638,0.8958350791921562,0.8278996865203762,0.8356272741654801,0.8317455318478859,14.666666984558105,0.9274929775280899,0.8357854769814903,0.8792543896147125,0.7887369267900242,0.776615969581749,0.7826295202362897,20.0,0.9634433962264151,0.776615969581749,0.86,0.8184387142352526,0.4140457469621158,0.5498991337367983,20.0,0.8251424501424501,0.4140457469621158,0.55140409328891,0.6429707017942312,0.5103659635839193,0.5690452261306532,20.0,0.6487167736021998,0.5103659635839193,0.5712844314398144,0.6331546023235032,0.5115523465703972,0.5658945686900959,20.0,0.64233907524932,0.5115523465703972,0.5695337620578779,0.5667057444314185,1.0,0.723436096976953,20.0,0.5676373884452794,1.0,0.7241947565543071,0.9360856821807152,0.9223398390803174,0.9291619250709582,0.7442467718794835,0.6832898653810691,0.7124668653600517
