NumC50Attributes,NumEventTypes,NumValues,NumConstraints,NumAttributes,NumEventConstraints,NumNegations,NumAggregates,NumParameters,Window,NumErrors,OriginalPrecision_Rule1,OriginalRecall_Rule1,OriginalF1_Rule1,MissClassificationCost_Rule1,FinalPrecision_Rule1,FinalRecall_Rule1,FinalF1_Rule1,OriginalPrecision_Rule2,OriginalRecall_Rule2,OriginalF1_Rule2,MissClassificationCost_Rule2,FinalPrecision_Rule2,FinalRecall_Rule2,FinalF1_Rule2,OriginalPrecision_Rule3,OriginalRecall_Rule3,OriginalF1_Rule3,MissClassificationCost_Rule3,FinalPrecision_Rule3,FinalRecall_Rule3,FinalF1_Rule3,OriginalPrecision_Rule4,OriginalRecall_Rule4,OriginalF1_Rule4,MissClassificationCost_Rule4,FinalPrecision_Rule4,FinalRecall_Rule4,FinalF1_Rule4,OriginalPrecision_Rule5,OriginalRecall_Rule5,OriginalF1_Rule5,MissClassificationCost_Rule5,FinalPrecision_Rule5,FinalRecall_Rule5,FinalF1_Rule5,OriginalPrecision_Rule6,OriginalRecall_Rule6,OriginalF1_Rule6,MissClassificationCost_Rule6,FinalPrecision_Rule6,FinalRecall_Rule6,FinalF1_Rule6,OriginalPrecision_Rule7,OriginalRecall_Rule7,OriginalF1_Rule7,MissClassificationCost_Rule7,FinalPrecision_Rule7,FinalRecall_Rule7,FinalF1_Rule7,OriginalPrecision_Rule8,OriginalRecall_Rule8,OriginalF1_Rule8,MissClassificationCost_Rule8,FinalPrecision_Rule8,FinalRecall_Rule8,FinalF1_Rule8,OriginalPrecision_Rule9,OriginalRecall_Rule9,OriginalF1_Rule9,MissClassificationCost_Rule9,FinalPrecision_Rule9,FinalRecall_Rule9,FinalF1_Rule9,OriginalPrecision_Rule10,OriginalRecall_Rule10,OriginalF1_Rule10,MissClassificationCost_Rule10,FinalPrecision_Rule10,FinalRecall_Rule10,FinalF1_Rule10,SystemPrecisionFinal,SystemRecallFinal,SystemF1Final,SystemPrecisionOriginal,SystemRecallOriginal,SystemF1Original
135,15,50,1,2,3,0,0,0,10,41379,0.7409519631498136,0.9357340720221606,0.8270290121189864,17.33333396911621,0.8507840161861406,0.9318559556786704,0.8894764674775252,0.6391160605533321,0.9261220373171962,0.7563059816740451,15.333333015441895,0.789748045178106,0.9167927382753404,0.848541423570595,0.623730964467005,0.9260480452190297,0.7454028436018958,14.666666984558105,0.7637396065706753,0.8869524258125294,0.820747520976354,0.8212744351358213,0.9729323308270676,0.8906938325991188,10.666666984558105,0.8639851812648849,0.9819548872180451,0.9192004504504504,0.8306391444914201,0.9875813128326434,0.9023368904498177,20.0,0.9015275504637207,0.9772324068598462,0.9378547105561862,0.6117678310532607,0.9401918758930394,0.7412294818152558,18.0,0.7806176783812566,0.8977342314758114,0.8350897180290516,0.8221070811744386,0.990487514863258,0.898476472967507,13.333333015441895,0.9070146818923328,0.9916765755053508,0.9474581084919058,0.7180167312793307,0.9680880330123797,0.8245079662605436,16.0,0.8506477633830359,0.9573590096286108,0.9008542583484339,0.8465197796695042,0.9909144196951934,0.9130434782608695,15.333333015441895,0.9078204783660306,0.9900351699882767,0.9471470629468666,0.7340779467680608,0.9490015360983103,0.8278172316762695,20.0,0.800471327572663,0.9391705069124424,0.8642917726887193,0.9560298661302249,0.9921224037390808,0.9737417998595167,0.7204344736574967,0.9566237127298215,0.8218971846807722
135,15,50,1,2,3,0,0,0,10,40675,0.6364605543710021,0.9441222983658408,0.760348121417958,7.333333492279053,0.7048857368006304,0.9430680021085925,0.8067643742953776,0.7771607918879768,0.9473219540906416,0.8538461538461538,14.666666984558105,0.8311488049344642,0.951736315479694,0.8873645218822884,0.8816864295125165,0.9881866509155346,0.9319036345912827,7.333333492279053,0.9305748403221328,0.9896633195510928,0.9592099613568055,0.5860423501342081,0.9310589907604833,0.7193191177816418,9.333333015441895,0.6933309037900874,0.9014451551764985,0.7838088371613967,0.7749542124542125,0.9851571594877765,0.8675038441824705,20.0,0.8649542217700915,0.989813736903376,0.9231813246471227,0.8363177805800757,0.9603243556327831,0.8940415206255056,20.0,0.8972695323060287,0.9611931653634521,0.9281319910514543,0.5621480565856338,0.9025358324145535,0.6927894380501016,10.0,0.6512899367845549,0.8405733186328556,0.7339237581825183,0.791069330199765,0.9917501473187978,0.880115047718656,20.0,0.9073525451117694,0.9926340601060696,0.9480793583790629,0.7442229270502945,0.9546643417611159,0.8364099299809038,16.0,0.8394293125810636,0.940424295263005,0.8870614035087719,0.8103908715707696,0.9785986514218704,0.8865869853917663,20.0,0.9054604726976365,0.9771328056288479,0.9399323181049068,0.9236288706215754,0.9884165839529225,0.9549250944384423,0.7162081646908964,0.9558803367243413,0.818867304033262
135,15,50,1,2,3,0,0,0,10,38599,0.7161936560934892,0.9557226399331662,0.8187999522843851,14.0,0.8250060342746802,0.9518240044555834,0.8838893198862167,0.7321146468065899,0.949093036863663,0.8266021149190979,17.33333396911621,0.8321392016376663,0.9514335868929198,0.8877968877968877,0.6457689477557027,0.9729490022172949,0.7762936753648828,20.0,0.8320045558086561,0.971840354767184,0.8965023522192677,0.6931708260785452,0.9539403620873269,0.8029131652661065,17.33333396911621,0.8189830508474576,0.9648562300319489,0.885955262192886,0.7726954492415402,0.9653061224489796,0.8583279325988334,20.0,0.8757944915254238,0.9641399416909621,0.9178462392450736,0.774802773129333,0.9762048192771084,0.8639210982273756,20.0,0.8520569620253164,0.9731927710843373,0.9086051743532059,0.6711307001186642,0.9768073032321737,0.7956189710610934,14.0,0.8049139017219655,0.9457192203306193,0.86965399886557,0.7844367015098722,0.9695664656904966,0.867231638418079,18.66666603088379,0.8949906241628717,0.9592305483778352,0.9259977827050997,0.7530864197530864,0.9644988066825776,0.8457815565729235,20.0,0.8698144104803494,0.9507756563245824,0.9084948688711516,0.7366494401378122,0.9682988961222757,0.8367371896783661,20.0,0.8478206724782067,0.9634871214265497,0.9019607843137254,0.9358636588177177,0.9928422495403229,0.9635113121778563,0.7211451758340848,0.9655106184492125,0.8256258651838295
135,15,50,1,2,3,0,0,0,10,33813,0.8815896188158961,0.9792792792792793,0.9278702518139137,17.33333396911621,0.9472004641717435,0.9804804804804805,0.9635531946288919,0.8575788402848423,0.9900176159718145,0.9190515126737532,20.0,0.9163952225841476,0.9911920140927775,0.952327221438646,0.7727062094531975,0.9655471916618413,0.8584298584298584,20.0,0.8839261834715164,0.9568616097278517,0.9189489781732239,0.7791627469426152,0.9707002636976267,0.8644487932159165,20.0,0.8543114543114543,0.9724582478757691,0.9095642641819677,0.748220640569395,0.9650028686173264,0.8428965171636181,16.0,0.8370186335403726,0.9664371772805508,0.8970842763946212,0.7311802973977695,0.9332740213523132,0.8199583116206357,14.666666984558105,0.8042121684867395,0.9172597864768683,0.857024106400665,0.7836930455635491,0.9700207776788364,0.8669584825573683,12.0,0.8753004005340453,0.972989017512615,0.9215631149845376,0.7798017062485589,0.9788712011577424,0.8680698151950719,20.0,0.8590862422997947,0.9687409551374819,0.9106244048428785,0.7904607548043528,0.9892784700086932,0.8787644787644787,14.0,0.8547821732598898,0.9892784700086932,0.9171255876427132,0.5982350209010683,0.9319826338639653,0.7287128712871286,12.666666984558105,0.6774315391879131,0.8651712493970092,0.7598771316597818,0.9377539503386004,0.9920226857206821,0.9641252515728972,0.761448830277301,0.9666876899260364,0.8518808579440669
135,15,50,1,2,3,0,0,0,10,40266,0.7518018018018018,0.9669756662804172,0.8459199189052204,20.0,0.878524374176548,0.9658169177288528,0.9201048709810956,0.5962630792227205,0.9348488399343802,0.7281190106781052,6.666666507720947,0.6650444705487498,0.9287555659714085,0.7750831214551144,0.7355909396725723,0.9573847051955633,0.8319594166138238,14.0,0.8132141082960755,0.9556333917104495,0.8786902844873858,0.7313188100257672,0.9253112033195021,0.816956692398273,14.666666984558105,0.8319103521878335,0.9241256668642561,0.8755967424880652,0.8050062578222779,0.9483928044824536,0.8708367181153533,20.0,0.8979933110367893,0.9501621940430551,0.9233414529302193,0.594301007556675,0.9035423647678315,0.7169990503323836,8.0,0.6571530503032466,0.8817616084250838,0.7530662305805397,0.7340081843635581,0.964619303707897,0.8336594911937378,14.666666984558105,0.830896686159844,0.9651853948485706,0.8930208196935969,0.6448358099431297,0.9421066738139909,0.7656284033979526,14.666666984558105,0.7408816289997763,0.8874296435272045,0.807560975609756,0.6786140979689367,0.96,0.7951469902006533,16.0,0.8164739884393064,0.9549295774647887,0.8802908335497274,0.6303916260602779,0.9598790876614455,0.7610021786492375,10.0,0.742831541218638,0.9112393514701841,0.8184622979143527,0.9244153873504821,0.9885316924790609,0.9553990458457283,0.6791710904014785,0.9453490599600449,0.7904534169307689
135,15,50,1,2,3,0,0,0,10,43686,0.6640369443909948,0.9554263565891473,0.78351685775911,14.0,0.7532150776053215,0.9404761904761905,0.8364934745136665,0.7953443258971872,0.9624413145539906,0.8709506107275624,20.0,0.8753653999468509,0.9665492957746479,0.918700320736299,0.6293635971843126,0.9772473789872853,0.7656413841314226,20.0,0.8400609291698401,0.9841623912558555,0.9064201335387776,0.7281960697725768,0.9501584557764333,0.8245,16.0,0.8456358456358456,0.940651109190435,0.8906164757228586,0.7989828045531606,0.9936746987951808,0.885756477379514,20.0,0.8500514403292181,0.9954819277108434,0.9170366259711431,0.8125625625625625,0.9692537313432836,0.884018513476722,20.0,0.9138566166052706,0.9626865671641791,0.9376362843436545,0.7111898312148365,0.9477922799222438,0.8126190476190476,18.0,0.8317874153923289,0.9214107192446542,0.8743083003952569,0.5755404570722669,0.9147849990182604,0.7065514103730665,20.0,0.7047296024119089,0.734341252699784,0.7192307692307692,0.6769964243146603,0.9362637362637363,0.785796633617708,14.0,0.80396370582617,0.925,0.8602452733776188,0.6622447198463955,0.9324158269845171,0.7744437640334761,15.333333015441895,0.7770326906957251,0.911280412877857,0.8388191381065491,0.9235142848498906,0.9882438003151102,0.9547832161270312,0.6888749453349305,0.9522432780508319,0.7994263018534864
135,15,50,1,2,3,0,0,0,10,38167,0.7287124168005509,0.9379615952732644,0.8202014983208474,20.0,0.821774404606124,0.9276218611521418,0.8714959755759089,0.8837271037961243,0.979982337356491,0.9293690675600222,20.0,0.9416222284591637,0.987636149543715,0.964080459770115,0.772170151405912,0.945,0.849887581007803,15.333333015441895,0.8768336562413507,0.9317647058823529,0.9034649935833453,0.6290646999664767,0.9398948159278738,0.7536901295310775,19.33333396911621,0.762388554841385,0.9208615076383672,0.8341651542649728,0.7897107633949739,0.9719871607820251,0.8714192282537606,18.66666603088379,0.89,0.9608987452582434,0.9240914830924652,0.6971517147839565,0.9574241617881852,0.8068169077250812,18.0,0.8203771849126035,0.9491750931346461,0.8800888230940044,0.6271136161376446,0.9739691315365123,0.7629703148966885,10.0,0.75932699341624,0.9564616447823082,0.8465694770109085,0.7627677100494233,0.9637228664882546,0.851550183920126,20.0,0.8570283270978086,0.9536128456735058,0.9027445460942997,0.7572902646926873,0.9651229273870783,0.8486676721970839,20.0,0.8611920529801325,0.9293882218410521,0.8939914753196756,0.6427644386761843,0.9595543715185275,0.7698435830175848,13.333333015441895,0.795478116573325,0.92879631872124,0.8569832402234636,0.9293602807221376,0.9897892569972818,0.9586233940184345,0.714944256036391,0.959526859447821,0.8193730071915657
135,15,50,1,2,3,0,0,0,10,43730,0.7370136926755053,0.9570985040925769,0.8327603143418467,20.0,0.8121680347658136,0.9494778436353373,0.8754716981132075,0.7725631768953068,0.9653228080067663,0.8582529138989848,20.0,0.8533400301356102,0.957992669861855,0.9026431132952584,0.5978734306943377,0.9300518134715026,0.7278540237055522,12.666666984558105,0.7135931046866583,0.7919489836588283,0.7507320298479266,0.698092280390417,0.9299645390070922,0.7975164723770906,11.333333015441895,0.763844840204928,0.9252364066193853,0.8368301483362288,0.5936419041344095,0.9298245614035088,0.7246405951543178,6.0,0.6471115895227844,0.9305985552115583,0.7633862433862434,0.7049291019581364,0.9575053500458576,0.8120300751879699,20.0,0.7970058360822126,0.9602568022011617,0.8710482529118135,0.5607173994270769,0.9284388533718293,0.6991768908215561,10.666666984558105,0.6554786006038004,0.76118787378841,0.7043893129770993,0.7974199713330148,0.9765944997074313,0.8779589689637034,15.333333015441895,0.8509664292980671,0.9789350497366881,0.9104761904761904,0.7452392011147236,0.9463285166617517,0.8338313628686501,20.0,0.8261880165289256,0.943379534060749,0.8809032080407545,0.7866405676535356,0.946980854197349,0.859395883453622,20.0,0.8406266882766072,0.9166421207658321,0.8769902775820769,0.9181796241399253,0.9834294563057077,0.9496850828534119,0.6790485810669157,0.9452669001379603,0.7903417220305896
135,15,50,1,2,3,0,0,0,10,42913,0.7465137201979307,0.9639848968922451,0.8414247686652301,16.0,0.835619918699187,0.9552715654952076,0.8914487057866919,0.7557834486048175,0.9442789034564958,0.8395814015101337,20.0,0.8317256162915327,0.9249106078665077,0.8758465011286681,0.5909625563614977,0.9374902814492303,0.7249443876630794,20.0,0.8402212821347218,0.8029855387964546,0.8211815218255545,0.7662073639033206,0.9747126436781609,0.8579739471354496,10.666666984558105,0.8072978774147388,0.9727011494252874,0.8823146096702722,0.7806955287437899,0.9635036496350365,0.8625196027182437,10.666666984558105,0.8488462535649468,0.9559124087591241,0.8992035155177149,0.7590704292150818,0.9398120963006459,0.8398268398268398,20.0,0.8226744186046512,0.9139753376394598,0.8659248956884562,0.6519083969465649,0.9507669470559129,0.773472879138573,16.66666603088379,0.7643139704351447,0.9082137555665513,0.8300734878462409,0.8585780525502318,0.9946284691136974,0.921609290750726,20.0,0.9423403052572075,0.9949268874962698,0.9679198722601249,0.6537935748462064,0.9654302296240223,0.7796230259806419,16.66666603088379,0.8079795178152336,0.9555892001009336,0.8756069364161849,0.7750059396531243,0.9642329293526456,0.8593256059009483,20.0,0.8461336828309305,0.9541826780963641,0.8969158099472074,0.9252509045935805,0.9880092713429393,0.9556007944496407,0.7114258001939864,0.9580459770114943,0.8165200935099634
135,15,50,1,2,3,0,0,0,10,47144,0.7184809008611173,0.9437354988399071,0.8158455559734237,12.0,0.8040906850665352,0.9463457076566125,0.8694377831068477,0.778138026864289,0.9594517418617933,0.8593350383631714,20.0,0.86512370311253,0.9286122215876642,0.8957443878253685,0.7279330838652872,0.9421652421652421,0.8213088290078231,20.0,0.8464751958224543,0.9236467236467236,0.8833787465940054,0.6069560669456067,0.9584967995044394,0.7432551437034666,20.0,0.7784167794316644,0.9502374561222383,0.8557880055788005,0.643107476635514,0.9657894736842105,0.7720897615708274,20.0,0.8102817416758141,0.9712719298245615,0.8835028924795532,0.5910960916838084,0.8898473788984738,0.7103381301315441,10.666666984558105,0.7048384083691388,0.8345498783454988,0.7642292890419283,0.7757032611401543,0.9491318915625951,0.8536986301369863,20.0,0.8688981868898187,0.9488272921108742,0.9071054164239953,0.7944017835026009,0.9621962196219622,0.8702849389416554,14.0,0.8739357319417742,0.9546954695469547,0.9125322626899913,0.8056217246307765,0.9885998246126864,0.8877805486284288,9.333333015441895,0.8785046728971962,0.9891844489915229,0.9305651038086072,0.6429497335445773,0.963314630988347,0.7711842446229594,20.0,0.8236167842554771,0.9572723349158394,0.8854291417165668,0.922778080697928,0.9892021502709979,0.9548362968028722,0.6895726241950749,0.9514530789911663,0.7996169654192937
135,15,50,1,2,3,0,0,0,10,34905,0.7513799955840141,0.9761904761904762,0.8491578290704929,20.0,0.8765176956858692,0.9733218588640276,0.9223868424629603,0.8622784810126582,0.9849624060150376,0.9195464362850972,20.0,0.9153085760085493,0.9907460960092539,0.9515345090959588,0.8101326899879373,0.9761627906976744,0.8854317732366513,20.0,0.8924442054315677,0.9648255813953488,0.9272244726917167,0.8222944263934017,0.9730848861283644,0.8913573557301544,20.0,0.9043406137683163,0.9674652469683526,0.9348385252929409,0.6904577191621412,0.9700272479564033,0.8067074552458644,7.333333492279053,0.7378519290928051,0.964032697547684,0.835912581216775,0.8340393720408672,0.9752331002331003,0.8991269308260579,13.333333015441895,0.9116113093604172,0.9676573426573427,0.9387985865724382,0.7597254004576659,0.9682123067949839,0.8513912040005128,12.666666984558105,0.8488193018480493,0.9644211140274133,0.9029351535836179,0.7883263009845288,0.9935007385524373,0.8791007711410274,20.0,0.8862559241706162,0.9943870014771049,0.9372128637059725,0.766643944558055,0.9952802359882006,0.8661275831087152,20.0,0.8768511301636789,0.995575221238938,0.9324492333195192,0.627454161934123,0.9657842157842158,0.7606963706107995,10.666666984558105,0.7288525963149078,0.8693806193806194,0.7929384965831434,0.9308097495458901,0.9908335215609572,0.9598841948585017,0.7620571631773125,0.9775623663578047,0.8564613021269155
135,15,50,1,2,3,0,0,0,10,34757,0.7705188679245283,0.9544259421560035,0.8526686676236461,15.333333015441895,0.8101233946109292,0.9398188723342098,0.8701649986475521,0.7207819804504887,0.9606343811951289,0.8236008255432804,20.0,0.8013339685564554,0.9527046162560181,0.8704877733212576,0.779689366786141,0.9696879643387816,0.8643708609271523,16.0,0.8555643251775849,0.9664190193164933,0.9076193134245046,0.6437816544738323,0.9483282674772037,0.7669273743016759,10.666666984558105,0.7365321701199564,0.9331306990881459,0.8232569478303268,0.7422727272727273,0.9668442865600947,0.8398045770120853,20.0,0.8650093557872227,0.9579632918886916,0.9091164489394579,0.797945205479452,0.9518529325941056,0.8681304058549567,14.666666984558105,0.9063291139240506,0.9401809162532827,0.9229447149813806,0.796573359073359,0.972885352195697,0.875945336340719,18.0,0.8865153538050734,0.9784851164161509,0.9302325581395349,0.7851201478743068,0.9829331790569859,0.87296082209377,20.0,0.8828267082359055,0.9829331790569859,0.930194360799343,0.6238779174147218,0.9564220183486238,0.7551611734878668,15.333333015441895,0.7624831309041835,0.9071100917431193,0.8285325233057506,0.7801635991820041,0.9886621315192744,0.8721245892270325,20.0,0.8711745846691926,0.9682539682539683,0.9171525007671065,0.9404493370252809,0.9924218488313256,0.9657368546980489,0.7345603894128384,0.9646974885844749,0.8340447580744652
135,15,50,1,2,3,0,0,0,10,34936,0.7894006017125665,0.9745714285714285,0.8722669735327963,17.33333396911621,0.8804515135967163,0.9805714285714285,0.9278183292781833,0.7665893271461717,0.9655172413793104,0.8546301086394205,16.0,0.7988894253983583,0.9669783752191701,0.8749338974087785,0.7092545490119351,0.9768256534626786,0.8218091135796873,14.666666984558105,0.7860174223810588,0.9482619240097009,0.8595505617977529,0.6203113417346182,0.9537269204467745,0.7517067912324829,10.666666984558105,0.7560706401766004,0.9368589012992934,0.8368115646951033,0.7614107883817427,0.9543484542039873,0.8470316707270162,8.666666984558105,0.8124226676565207,0.9485697775209477,0.8752332711276993,0.7639080459770115,0.9643064422518862,0.8524884556182657,16.0,0.8238238238238238,0.955310504933256,0.8847084117172803,0.7922602089268755,0.9757309941520468,0.874475890985325,20.0,0.8516343207354443,0.9751461988304093,0.9092148309705561,0.8184982595723521,0.9733885274985216,0.8892490545651001,17.33333396911621,0.8633359767380386,0.9657007687758723,0.9116538729937195,0.7546691261240489,0.9539492859224716,0.8426879505664264,18.0,0.835828600929272,0.943748178373652,0.8865160848733744,0.7667516809645258,0.9607786170830912,0.8528691166989039,19.33333396911621,0.8694489031567684,0.9442184776292853,0.9052924791086351,0.9338264963012778,0.9910970533876275,0.961609814591405,0.745977984758679,0.9650862311106118,0.8415032879832478
135,15,50,1,2,3,0,0,0,10,32115,0.7512024486226497,0.9603130240357741,0.8429833169774288,14.0,0.8614697120158887,0.9698155394074902,0.9124375493031817,0.7569712083427794,0.9616935483870968,0.8471394139287074,15.333333015441895,0.8150134048257373,0.8755760368663594,0.8442099416828659,0.817243920412675,0.9796819787985865,0.8911209321012454,20.0,0.8811540497617787,0.9802709069493521,0.9280735991078897,0.7799522673031026,0.9665779355220349,0.8632941487253996,20.0,0.88565145684442,0.9529724933451642,0.9180794985040605,0.7775776677172445,0.9911047345767575,0.8714519994953955,20.0,0.8486364773580185,0.9733142037302726,0.9067094359796846,0.8711656441717791,0.9964912280701754,0.9296235679214403,18.0,0.9201941224049609,0.997953216374269,0.9574975452377613,0.7845695970695971,0.9850531762000575,0.8734548234994265,20.0,0.8434127979924718,0.9660822075308997,0.9005894962486602,0.7090029041626331,0.9945681694731124,0.8278512490109641,20.0,0.8795962509012256,0.9940249864204237,0.9333163330358281,0.7573685451544447,0.9433186490455213,0.8401778707821083,20.0,0.8669181034482759,0.9450807635829662,0.9043136152873402,0.7344298245614035,0.9806734992679356,0.8398746081504703,14.0,0.853834276891405,0.9715959004392386,0.9089165867689357,0.9478673835125448,0.9928107519615572,0.9698186552248932,0.7712022579323531,0.9760608417595713,0.8616221852073189
135,15,50,1,2,3,0,0,0,10,44072,0.6293856508663898,0.9240958788898234,0.7487860976233068,13.333333015441895,0.8092056421677802,0.9167367535744323,0.8596214511041009,0.7262247838616714,0.949290060851927,0.8229088168801808,14.0,0.8512182477967859,0.9516082294986961,0.8986181420166919,0.6445332001997004,0.9402767662053897,0.7648104265402843,6.0,0.6999101527403414,0.9456178684146638,0.8044196612969847,0.7100065118298242,0.9492164828787,0.8123680615919533,20.0,0.8159006211180124,0.9529889727219966,0.8791326462320975,0.7557952719761304,0.9457208500861574,0.8401581834417655,12.666666984558105,0.8295964125560538,0.9563469270534176,0.8884738527214515,0.7837709959782352,0.9816296296296296,0.8716127334911866,20.0,0.8905285752616046,0.9834074074074074,0.9346662911855816,0.780884109916368,0.9511059371362048,0.8576302322529852,20.0,0.869914346895075,0.9458672875436555,0.9063022866703849,0.6373337711377443,0.934745966771009,0.7579070675517376,20.0,0.7644742024419062,0.934745966771009,0.8410789730256744,0.6152125279642058,0.9313014029995162,0.7409545804464972,11.333333015441895,0.7047070124879923,0.8872762457668119,0.7855230752757254,0.5690225563909774,0.9180009704027171,0.7025621982918677,12.666666984558105,0.7118813864956922,0.8619602134885977,0.779765170635356,0.9259447039654867,0.9890457493815156,0.9564556021872181,0.6719811425813875,0.9410251078650517,0.7840653153153153
135,15,50,1,2,3,0,0,0,10,42080,0.8275081719889363,0.9690812720848057,0.8927166689271667,13.333333015441895,0.8959694989106753,0.9687868080094229,0.9309564233163554,0.8303834808259587,0.9796983758700696,0.8988823842469399,14.666666984558105,0.900692225772098,0.9811484918793504,0.9392004441976679,0.7397479954180985,0.9424985405720957,0.8289051469644462,14.0,0.8645074224021593,0.9349095154699358,0.8983312298415371,0.8222944263934017,0.9736608464042616,0.89159891598916,13.333333015441895,0.8888888888888888,0.9707013909440663,0.9279954731928137,0.7651480637813212,0.9660626977279264,0.8539468666581925,20.0,0.8735721703011423,0.9677883232671843,0.9182698867512622,0.7551020408163265,0.9719202898550725,0.8499009900990099,20.0,0.8308521560574949,0.9773550724637681,0.8981687014428412,0.6063034913734547,0.9307612095933264,0.7342875946034881,7.333333492279053,0.658276125095347,0.899895724713243,0.760352422907489,0.5909392852398033,0.9500213583938488,0.7286428044884921,17.33333396911621,0.7573306370070778,0.7998718496369073,0.7780201516567985,0.5677016645326505,0.9118251928020565,0.6997435391595974,15.333333015441895,0.6991078669910786,0.8863753213367609,0.7816821582407618,0.8081409188288503,0.9846287703016241,0.8876977382664402,20.0,0.9187636761487965,0.9741879350348028,0.9456644144144144,0.9162946657694545,0.9860426868932337,0.9498900423277923,0.7067121684093569,0.9561377607172576,0.8127181874187145
135,15,50,1,2,3,0,0,0,10,38225,0.8507157464212679,0.985781990521327,0.9132821075740943,20.0,0.9295423023578363,0.9925947867298578,0.9600343790287924,0.7958797063698793,0.9773189880779296,0.8773166275123989,20.0,0.8967449306296692,0.9773189880779296,0.9352998469458744,0.7829309108295481,0.9581626682270333,0.8617287199052756,20.0,0.8193564732708386,0.9461673493270919,0.8782077393075356,0.6886503067484663,0.9507676019057703,0.7987547253724705,10.666666984558105,0.78434820839745,0.9444150344097406,0.8569712981866219,0.7512005488223188,0.9664607237422771,0.8453422542460113,20.0,0.8524718807219461,0.9588114151220948,0.9025200775408475,0.7482596002694812,0.969732246798603,0.8447204968944101,14.666666984558105,0.8875233769703447,0.9668218859138533,0.9254770859451178,0.7526339899221255,0.9681791396582203,0.8469072164948453,20.0,0.8653948065712772,0.9622863877430761,0.9112723214285715,0.6963059216632634,0.986326584275572,0.8163220892274212,20.0,0.8489488117001828,0.9768603733894294,0.9084240127154909,0.6308257844295655,0.9952361226180613,0.7721976697468863,20.0,0.8805642058985163,0.9956503728251864,0.9345776222416642,0.7974087161366313,0.9780410286044496,0.8785362055541138,20.0,0.883289817232376,0.9774631609361456,0.9279934165409409,0.9392473802553986,0.9937941173169937,0.965751146445066,0.7378843147472642,0.9743476824837609,0.8397879179664797
135,15,50,1,2,3,0,0,0,10,37322,0.7827374174447734,0.9848137535816619,0.8722243370130695,20.0,0.8717038539553753,0.9851002865329513,0.9249394673123488,0.7667761614265604,0.9580768103195544,0.8518180633389809,10.0,0.8931169557918299,0.9357959542656112,0.9139584824624194,0.8081994725485495,0.9848086473853345,0.8878061627600736,20.0,0.8700025793139025,0.9853929301782063,0.9241095890410959,0.6119118522930316,0.9580380455054084,0.7468198008286691,14.666666984558105,0.776497346474602,0.9550540842969042,0.8565693735886929,0.7311756935270806,0.9654069767441861,0.8321222751190177,14.666666984558105,0.7945802080812969,0.9546511627906977,0.8672916941766803,0.7775218793182865,0.9868459514761766,0.8697668427154452,14.666666984558105,0.8139759036144578,0.9874305758550131,0.8923523973055079,0.8362732919254658,0.9868073878627969,0.9053254437869823,20.0,0.9192924267551134,0.9750806215186162,0.9463650590411153,0.7580071174377224,0.9788602941176471,0.8543922984356197,10.0,0.8405835543766578,0.9708946078431373,0.9010520329826557,0.7663197729422895,0.9560342283859545,0.8507286333202049,20.0,0.8556618819776715,0.9498377102390085,0.9002936652216473,0.7263704037897586,0.9790209790209791,0.8339808339808339,8.0,0.7752972579471002,0.9714198844633627,0.862348178137652,0.9361948290369464,0.9936520984609764,0.9640681270477376,0.7431495191898562,0.973008356545961,0.8426855157772846
135,15,50,1,2,3,0,0,0,10,39785,0.7817479478512795,0.9523529411764706,0.8586581808538848,20.0,0.8527257933279089,0.9247058823529412,0.8872583603781572,0.6639256346085091,0.9383527033855482,0.7776381909547737,20.0,0.8625200826256598,0.9494694290045478,0.9039085989176188,0.7166871668716687,0.9433351322180248,0.8145386766076421,20.0,0.8507062834875792,0.9425256341068537,0.8942652329749103,0.8133004926108375,0.9680445617121078,0.8839512782760005,18.66666603088379,0.8574035453597497,0.9642333626502492,0.9076859390092451,0.6370774554165558,0.986603462489695,0.7742196344816433,20.0,0.8427695004382121,0.9909315746084089,0.9108648290233968,0.7968118010944564,0.9749636098981077,0.8769311338046609,20.0,0.9076582803428256,0.9557496360989811,0.931083380601248,0.7904599659284497,0.9658043413618793,0.8693790149892934,14.666666984558105,0.8867305061559507,0.9637228664882546,0.9236249643773156,0.7781928554751343,0.9683323649041256,0.8629126213592234,14.666666984558105,0.8939517222674261,0.957582800697269,0.924673867302567,0.6602214800492178,0.9690402476780186,0.785363303711448,15.333333015441895,0.799650043744532,0.9432404540763674,0.8655303030303031,0.8119288119288119,0.9914831130690162,0.8927674203358454,20.0,0.9143947655398037,0.9850220264317181,0.9483953060935955,0.9411074346851197,0.9941670529423114,0.9669098733276171,0.7320378367263006,0.9661039947894051,0.832939469805096
135,15,50,1,2,3,0,0,0,10,42056,0.724589482436084,0.9537619699042408,0.8235294117647058,16.0,0.8161675188702215,0.9170998632010944,0.8636949239886627,0.8020428015564203,0.9567740063823614,0.8726021960576797,18.0,0.8867114093959731,0.95822454308094,0.9210819854991634,0.6850875342754693,0.9354838709677419,0.790941190795081,15.333333015441895,0.7751436781609196,0.932315668202765,0.8464958158995817,0.6358861402914266,0.9317279046673287,0.7558912386706949,20.0,0.7974054054054054,0.9155908639523337,0.8524211256211718,0.6529069767441861,0.9309201436861011,0.7675133842123248,14.666666984558105,0.7607134584201992,0.9074329925393755,0.8276209677419354,0.7333182024512029,0.9514134275618374,0.8282491668802872,20.0,0.8147582697201018,0.9428739693757362,0.8741468741468742,0.8024254674077818,0.9647630619684082,0.8761379310344828,20.0,0.900254309126872,0.9678007290400972,0.9328063241106719,0.7655251141552512,0.9769813519813519,0.8584229390681003,20.0,0.8753267119707266,0.9758158508158508,0.9228437586111876,0.6071639673720298,0.961437663796331,0.7442938917469749,20.0,0.8313357651554629,0.8959191314114564,0.862420037841247,0.6462214411247803,0.963069669984285,0.7734539335296592,12.666666984558105,0.7854322071083809,0.9376636982713462,0.8548233046800382,0.932947820850896,0.9911367972911864,0.9611624213189011,0.6921288672775529,0.9526945948108051,0.8017728904847397
135,15,50,1,2,3,0,0,0,10,39029,0.7121412803532009,0.9621234715180436,0.8184701255867056,13.333333015441895,0.7879377431906615,0.9662988368625112,0.8680509042196918,0.7978168011390603,0.9778941244909831,0.8787245164662834,20.0,0.8761384335154827,0.97934845840605,0.9248729570113996,0.8063803680981595,0.9701801003838205,0.8807290270704905,20.0,0.9060773480662984,0.968408621198701,0.9362066504923648,0.643813254978779,0.941738299904489,0.7647857281365135,16.0,0.7853199754651401,0.9171442215854824,0.8461284282409958,0.6362364463098986,0.9488784559207094,0.7617252931323284,6.666666507720947,0.6787613981762918,0.931924882629108,0.7854473510661685,0.7418098510882016,0.9423748544819558,0.8301499807716959,7.333333492279053,0.7884615384615384,0.9545983701979045,0.8636124275934701,0.7269677996422182,0.9533724340175953,0.8249175336209085,20.0,0.8212733316287395,0.9419354838709677,0.8774757546783227,0.8186104218362283,0.9766133806986382,0.890658747300216,9.333333015441895,0.8955345060893098,0.9795737122557726,0.9356708610207833,0.7687687687687688,0.9663182346109176,0.8562974398559116,12.0,0.8505629477993859,0.9651567944250871,0.9042437431991295,0.606161643104828,0.9398263027295285,0.736987189881628,12.0,0.7149500516706855,0.858354011579818,0.780116519451231,0.9167232798401748,0.9877218285230951,0.9508991256687981,0.7114897582916304,0.9567622057541413,0.8160955601259571
135,15,50,1,2,3,0,0,0,10,42371,0.631191088260497,0.9272406847935549,0.7510961558070766,12.0,0.7561274509803921,0.93202416918429,0.834912043301759,0.7132810930279285,0.9723363462065188,0.8229021789522486,13.333333015441895,0.8381137578998542,0.9443987948507259,0.8880875724404379,0.776937618147448,0.9544267053701015,0.8565846033606878,14.666666984558105,0.8683792372881356,0.9518142235123367,0.9081844619858745,0.6187715665976535,0.9404237465911475,0.7464202464202464,20.0,0.8094284674190025,0.9328718271449549,0.866777117240035,0.7890586495810744,0.9392783807568201,0.8576402839158965,20.0,0.8649685017803341,0.9263713699031975,0.8946175637393768,0.6468795122733836,0.9703971119133574,0.7762803234501348,14.0,0.7960922885055082,0.9217809867629362,0.8543386125362479,0.665860400829302,0.9518399604840702,0.7835722273050726,14.0,0.7847763643824375,0.9446776981970857,0.8573349770256641,0.685708638070765,0.9665645026469769,0.8022664199814985,18.0,0.8305288461538461,0.9626636946224575,0.8917279648986965,0.8306532663316583,0.9604880883207437,0.8908649959579628,14.0,0.8954817637452368,0.9558396281231842,0.9246767847105115,0.7384847180370211,0.9624123422159888,0.835708196322007,16.66666603088379,0.8095009596928983,0.9464235624123423,0.8726238199922409,0.922528691227112,0.9896369478179475,0.954905223290618,0.6973277236662633,0.9541057722636946,0.805753798683641
135,15,50,1,2,3,0,0,0,10,38994,0.8020317145688801,0.9703237410071942,0.8781877373846989,20.0,0.8916064480266815,0.9616306954436451,0.9252956446495529,0.6003770028275212,0.934931506849315,0.7312033671321981,13.333333015441895,0.7400659042450087,0.9339530332681018,0.8257813344868606,0.6191256830601093,0.9565217391304348,0.7517001161054901,10.0,0.7475025835342749,0.9159983115238497,0.823216995447648,0.8135675939482675,0.9872668048563814,0.8920401337792643,20.0,0.9021945272283934,0.9860823215872075,0.9422750424448217,0.7707271885132005,0.9646376811594203,0.8568486096807416,20.0,0.8954779312212293,0.9585507246376812,0.9259414811703766,0.7929951690821256,0.9741839762611276,0.8743009320905459,20.0,0.865572902884361,0.9706231454005935,0.9150930200027976,0.8590516112129944,0.9987816021931161,0.923661971830986,20.0,0.9159687325516471,0.999390801096558,0.955863073561544,0.7905100830367734,0.9837614408030706,0.8766114180478821,20.0,0.8807509254362771,0.9834661942722173,0.9292788394476218,0.7724905303030303,0.9846107423053712,0.8657468824621916,20.0,0.8976334617501376,0.9843089921544961,0.9389752446747265,0.7750112157918349,0.9860159817351598,0.8678723938708867,20.0,0.8620259481037924,0.9860159817351598,0.9198615548455804,0.9346116101434679,0.9921897618857645,0.962540388838637,0.7419347974123255,0.9726057968588724,0.8417532804596868
135,15,50,1,2,3,0,0,0,10,45654,0.6034682080924856,0.9668294325644048,0.7431085803028343,20.0,0.8330022918258212,0.9179996632429702,0.8734380006408202,0.7723845428840717,0.9601640304628002,0.8560981979629146,20.0,0.8876556578234975,0.960456942003515,0.9226223972988182,0.6616756393001346,0.9411342426417804,0.7770423787414797,8.666666984558105,0.7511529592621061,0.9353912419239052,0.833208994990941,0.7197294250281849,0.9385474860335196,0.8147013782542113,20.0,0.8426517571884984,0.9306086445163188,0.8844487913930419,0.7849260389762855,0.9774853801169591,0.8706862872769892,14.666666984558105,0.9086433260393874,0.9713450292397661,0.9389485585076315,0.7698545194371572,0.9427570093457944,0.8475777865301302,20.0,0.8757297748123436,0.9199766355140186,0.897308075772682,0.6026267048324634,0.890741662518666,0.7188912322988853,14.666666984558105,0.7052093973442288,0.8591338974614235,0.7745989004824414,0.7914669223394055,0.9666276346604216,0.8703215603584608,19.33333396911621,0.8995084653194976,0.9642857142857143,0.9307714043515117,0.6349260914403575,0.9452405322415558,0.7596134073617108,12.666666984558105,0.76674413691105,0.9286079836233367,0.8399490799675964,0.7493181818181818,0.9671457905544147,0.8444102958125239,20.0,0.8424336973478939,0.950425344675858,0.8931771192281185,0.9348722973853872,0.9913482850427903,0.9622823649602175,0.6913962848882254,0.9496470099667774,0.8002012094437214
135,15,50,1,2,3,0,0,0,10,35198,0.7569258266309205,0.9735632183908046,0.8516842634489694,16.66666603088379,0.8101045296167247,0.9353448275862069,0.8682315284075754,0.6939226519337016,0.9575603557814485,0.804698344901228,10.0,0.798555036124097,0.9550190597204574,0.8698067353315588,0.8391007830260167,0.9889848169097946,0.9078983328778355,20.0,0.914293613491844,0.9845192021434951,0.9481077981651376,0.8652241918665277,0.9807919621749409,0.9193905817174516,20.0,0.951094682968439,0.9884751773049646,0.9694247210549195,0.7649106521234625,0.9600932129332945,0.8514595711702404,20.0,0.8840811965811965,0.9641712787649286,0.9223909711578654,0.7875917594127397,0.9863582443653618,0.8758393680052666,20.0,0.865429840606219,0.9822064056939501,0.9201277955271565,0.7229773462783171,0.9732791170490851,0.8296608071304779,14.666666984558105,0.7807737397420867,0.9671797850711589,0.8640373637778931,0.793918918918919,0.9838516746411483,0.8787393162393163,20.0,0.9066740515092772,0.979066985645933,0.9414809489575844,0.6573992609537216,0.9567221510883482,0.7793074676679183,7.333333492279053,0.758011503697617,0.9449423815620999,0.8412173714806793,0.6517822920659256,0.916711590296496,0.7618727598566309,14.0,0.7881254488867608,0.8873315363881401,0.8347914289336884,0.9291712465301712,0.9911467713288538,0.9591589231004074,0.7448217280508789,0.966972995899901,0.8414823199389748
135,15,50,1,2,3,0,0,0,10,39921,0.7234624145785877,0.9346674514420247,0.8156137647663072,14.0,0.8267090620031796,0.9181871689228959,0.8700501952035695,0.7716769617936399,0.9768317405154938,0.8622188139059305,20.0,0.8606977937403797,0.9716188821314798,0.9128009794585772,0.7424854194706146,0.9761132409318785,0.8434195438909414,20.0,0.8453081053439018,0.9749336478914774,0.905505341002465,0.5815842078960519,0.9243447180301827,0.7139570552147237,14.0,0.7280417566594672,0.8032168387609213,0.7637839879154078,0.7875144508670521,0.9921351587532771,0.8780613560195928,18.0,0.8697318007662835,0.9918438683367318,0.9267827980402831,0.7488140953241473,0.9611481588866339,0.8417978669375318,20.0,0.8527495439145165,0.9486807770368223,0.8981608564370026,0.8015173764072443,0.9570426651081239,0.8724027703782632,20.0,0.8744273780652115,0.9482758620689655,0.909855600729006,0.6304888152444076,0.9332842776551385,0.7525712025316454,8.666666984558105,0.7094581838776666,0.9217561932793721,0.8017921911670578,0.7668263746292494,0.9727930535455861,0.8576167389640215,20.0,0.8528272656855151,0.9560057887120116,0.9014737991266375,0.839,1.0,0.9124524197933659,20.0,0.9174412247129579,1.0,0.956943256344454,0.9375043672699322,0.9905931810368497,0.9633178925261482,0.7226221662988098,0.9605703317795449,0.8247772192727402
135,15,50,1,2,3,0,0,0,10,41034,0.6454907391379608,0.9411913175164058,0.7657870417907383,12.666666984558105,0.775811823480433,0.9406865219586068,0.8503308236367785,0.8301985370950888,0.9615733736762481,0.8910696761530913,11.333333015441895,0.884073971846536,0.9691376701966717,0.9246535796766743,0.7851600387972842,0.9602609727164887,0.8639274279615795,20.0,0.8890134529147982,0.9406880189798339,0.9141210374639769,0.7476971467086048,0.9601846508944027,0.8407224958949097,18.66666603088379,0.8417542959733265,0.9469128678592037,0.8912423625254583,0.5952087764468823,0.9455806508980971,0.7305578455619676,20.0,0.7829244673983214,0.8627067401742842,0.8208816312716811,0.8111888111888111,0.9791783905458639,0.8873023967363589,16.66666603088379,0.9212556530992285,0.9743950478334271,0.9470805415014357,0.6976510740815097,0.9687761360468358,0.8111577964519141,9.333333015441895,0.7437821612349914,0.9671034290493449,0.8408677736031995,0.7479530869661429,0.96406160867085,0.8423676012461059,14.0,0.8215767634854771,0.9600684540787222,0.8854399579113508,0.7231638418079096,0.9442313366774859,0.8190427437931916,15.333333015441895,0.8428306387490061,0.9383298908232517,0.8880201061156101,0.7162131774229817,0.954736211031175,0.818450468970834,19.33333396911621,0.8439167556029883,0.9481414868105515,0.8929983060417843,0.9278649554674792,0.9903070706586252,0.9580696762339153,0.7134103465595178,0.9571428571428572,0.817496402877698
135,15,50,1,2,3,0,0,0,10,37554,0.8120039682539683,0.9660666863381528,0.8823608678075732,13.333333015441895,0.8673277941570624,0.9548539392151077,0.9089887640449438,0.7728300180831826,0.972965281730222,0.8614260519022424,13.333333015441895,0.8940259740259741,0.9795105293113261,0.9348180336773493,0.7502334267040149,0.943075117370892,0.8356734269370775,20.0,0.8274861514112372,0.920481220657277,0.8715099319349909,0.654878265505598,0.9514588174541699,0.7757894736842106,20.0,0.7885928209645453,0.9246062483862639,0.8512003803185169,0.688383189576069,0.9670018045888116,0.804245283018868,15.333333015441895,0.808105147864184,0.9510183036865172,0.8737565135007106,0.7701095826532991,0.9612922002328289,0.8551456310679612,16.0,0.848078411142636,0.9569266589057043,0.8992205661151373,0.7081434515553794,0.9781061850027367,0.8215147684174232,18.0,0.8444287063267233,0.9789272030651341,0.9067173637515843,0.723404255319149,0.9793478260869565,0.8321403832833064,15.333333015441895,0.8369281820336573,0.9595108695652174,0.8940372199012533,0.5877453896490185,0.8888888888888888,0.7076096687555954,7.333333492279053,0.6409059474412172,0.8337831758884391,0.7247311827956989,0.7264214046822742,0.9682020802377415,0.8300636942675159,14.0,0.8122944599038705,0.9542347696879644,0.8775621754577754,0.9247272923768733,0.9893499096363586,0.955947714323186,0.7100095251606104,0.9560637484990722,0.8148673636712527
135,15,50,1,2,3,0,0,0,10,33200,0.7361989962906393,0.9453628467357803,0.8277723258096172,20.0,0.8698224852071006,0.9473241804427011,0.906920600858369,0.7843652880707626,0.9647162599235519,0.8652426160337552,13.333333015441895,0.8721268163804491,0.9705968832696266,0.9187308655719455,0.8197414221780209,0.9868302903322359,0.895558875458373,18.66666603088379,0.8993453355155483,0.9868302903322359,0.9410589410589411,0.7952146375791695,0.9903593339176161,0.8821233411397346,20.0,0.8962413975648491,0.9891907683318726,0.9404249409804194,0.7651130595293032,0.9567224466243508,0.8502564102564102,20.0,0.8720991561181435,0.9541257934218119,0.9112703224028659,0.7712912087912088,0.9787914003486345,0.8627400768245839,10.0,0.8156748911465893,0.979662986635677,0.8901795142555439,0.7927170868347339,0.9840625905534628,0.87808661926309,20.0,0.8975806451612903,0.9675456389452333,0.9312508715660297,0.8482209504851953,0.997366881217086,0.9167675137824391,20.0,0.9417288041977354,0.9976594499707431,0.9688876260832505,0.7665952890792291,0.9675675675675676,0.855436081242533,20.0,0.8927277793257175,0.9621621621621622,0.926145396733632,0.668731778425656,0.9673168160253031,0.7907778496013791,6.666666507720947,0.7111674137595011,0.9617817606747496,0.817703081232493,0.9383686681911,0.9932023266468796,0.9650071853332107,0.7708871465471918,0.9736971271834849,0.8605036870710112
135,15,50,1,2,3,0,0,0,10,34983,0.658298988385163,0.9068387096774193,0.7628351242809074,20.0,0.8172817281728173,0.9372903225806452,0.8731818728212526,0.7949260042283298,0.9874525824336154,0.8807912545549194,14.666666984558105,0.9134070677097383,0.9880361832506566,0.9492570787776844,0.7380660954712362,0.9694533762057878,0.838082001389854,16.66666603088379,0.8619704902427415,0.9705251875669882,0.9130325182757751,0.8169631976602486,0.9838567654828295,0.892676431424767,14.666666984558105,0.844119869050617,0.9838567654828295,0.9086473298997019,0.7563197449328172,0.9665308498253784,0.8486009965504024,17.33333396911621,0.8597141344626786,0.9452852153667055,0.9004713057942889,0.8171963537817196,0.9886736214605067,0.8947936336660373,20.0,0.9179187534780189,0.9833084947839046,0.9494891351273563,0.7326179298010284,0.9641070903206825,0.8325711382113822,9.333333015441895,0.8000488878024933,0.9629302736098853,0.8739652870493992,0.8219345383488031,0.9813356663750364,0.8945899242323542,20.0,0.8982503364737551,0.9731700204141149,0.9342105263157895,0.7654265983515259,0.9676147564066461,0.854726368159204,20.0,0.8855001292323598,0.9647986482680935,0.9234501347708894,0.7004526667978744,0.9831491712707182,0.8180668888633491,20.0,0.8302816901408451,0.9770718232044199,0.8977157360406092,0.9462526373727181,0.9947322614630572,0.9698870160749105,0.7555934228871135,0.9691181062132781,0.8491382526300082
135,15,50,1,2,3,0,0,0,10,43189,0.6291147331415787,0.9436720997123682,0.7549376797698946,14.666666984558105,0.763821058800547,0.9372003835091084,0.841674738994726,0.7899287894201424,0.967601246105919,0.8697843741248951,20.0,0.8785573400958017,0.9713395638629283,0.9226216895990532,0.7130471558469021,0.9528115286804182,0.8156748911465894,20.0,0.8240969816922316,0.9412263351229161,0.8787758870861364,0.6185250219490781,0.9382907880133186,0.745568392274451,8.666666984558105,0.7198231893913635,0.9398446170921199,0.8152498315201694,0.7595954952884394,0.9432077625570776,0.8415022278803309,20.0,0.8249937138546644,0.9363584474885844,0.8771554604999331,0.7872549019607843,0.9474926253687316,0.8599732262382864,20.0,0.8648721399730821,0.947787610619469,0.9044334975369458,0.7521288837744534,0.9511059371362048,0.8399948592725871,13.333333015441895,0.8838816698921759,0.930442374854482,0.9065645824471856,0.583310829057521,0.9148665819567979,0.7124010554089709,10.0,0.6888928828181164,0.811732316814909,0.7452848531985221,0.7790499390986602,0.9537727408291082,0.8576025744167337,16.0,0.8444088604216706,0.9436325678496869,0.8912676056338028,0.7459568733153639,0.9716208308952604,0.8439644218551461,16.66666603088379,0.844959266802444,0.9710356933879462,0.9036210182412198,0.9274779814275125,0.9888573097520629,0.9571846699166595,0.698447278776836,0.9467636715079599,0.8038659235705087
135,15,50,1,2,3,0,0,0,10,40976,0.8044560943643513,0.9584634603372892,0.8747327917913639,20.0,0.8758114592153542,0.9690818238600875,0.9200889547813196,0.6323251417769377,0.9200091680036672,0.7495098496872374,18.66666603088379,0.7798345805435211,0.9076323630529453,0.8388941849380362,0.6659695817490494,0.9508686210640608,0.7833184257602862,20.0,0.791030534351145,0.9001085776330076,0.8420518029456577,0.6784649776453056,0.9599367422245652,0.7950229207596595,16.66666603088379,0.8026612539467749,0.9380600948866632,0.8650947982498784,0.7332300199247288,0.9583333333333334,0.8308039633763953,20.0,0.8249935848088273,0.9302662037037037,0.8744730042159664,0.6416184971098265,0.9487179487179487,0.7655172413793102,9.333333015441895,0.7302165165740563,0.9306471306471307,0.818337985827786,0.8504338948443083,0.9869668246445498,0.9136276391554704,20.0,0.931024853392907,0.9875592417061612,0.9584591059364668,0.7596665894883075,0.956280967647916,0.8467096774193548,20.0,0.8584450402144772,0.9332556106091519,0.894288507191733,0.6444444444444445,0.969809568044589,0.7743371036528834,4.0,0.702124072825354,0.9672549930329772,0.8136354756788434,0.8157129000969933,0.993502658003544,0.895872170439414,20.0,0.8881230116648993,0.9893679858239811,0.9360156468287232,0.9271933848837235,0.9893581296794669,0.9572675778859058,0.7086686319815154,0.9591567142048365,0.8151024662932289
135,15,50,1,2,3,0,0,0,10,32575,0.7650717703349282,0.9523525908278737,0.8485009286282833,20.0,0.8670694864048338,0.9401429422275164,0.9021288755536505,0.7511332728921124,0.955043227665706,0.8409033240294341,16.0,0.8314344899016054,0.9253602305475505,0.875886524822695,0.7162022703818369,0.9755411863930278,0.8259938109973815,15.333333015441895,0.8261501210653753,0.9592353106550464,0.8877325354494601,0.8343634116192831,0.9874195435927443,0.904462012595471,20.0,0.8940116587175411,0.9871269748390872,0.9382647385984427,0.7921163772876584,0.981110142400465,0.8765416071660392,6.666666507720947,0.8214199759326113,0.991862830572508,0.8986308583464983,0.7539388322520852,0.9478590154383921,0.8398503032649375,20.0,0.838258164852255,0.9420332071074862,0.8871211082156082,0.7445840554592721,0.9930655879803525,0.8510585613470348,20.0,0.8913896885632033,0.9841086391216411,0.9354572919527602,0.7809090909090909,0.968705948689033,0.864728828488738,16.0,0.9040551285449244,0.9616577389343107,0.9319672131147542,0.8426333822809594,0.9927912341407151,0.9115700291236432,20.0,0.9155722326454033,0.9850057670126874,0.9490206973190721,0.7974534307946239,0.9842840512223515,0.8810733359385177,20.0,0.9193107221006565,0.9781722933643772,0.9478285391990976,0.9401420800352105,0.9927285930408472,0.9657199908636875,0.776098426376057,0.9738645234033941,0.8638065442609498
135,15,50,1,2,3,0,0,0,10,35370,0.8052407932011332,0.982147998848258,0.8849396808924633,18.0,0.8865601257532093,0.9743737402821768,0.928395061728395,0.7726419521351479,0.9642752562225476,0.8578871955190829,20.0,0.8623853211009175,0.9633967789165446,0.9100968188105117,0.7112540192926045,0.9559204840103717,0.8156342182890854,12.0,0.8017801299013712,0.9602420051858254,0.8738856843209228,0.6884412992197423,0.95929203539823,0.8016057468835832,13.333333015441895,0.8187934027777778,0.9539823008849557,0.8812332126591147,0.7440449438202247,0.9678456591639871,0.8413162241138356,14.0,0.845426673479816,0.9672610347851506,0.9022494887525562,0.6930930930930931,0.9763113367174281,0.8106779065683176,16.66666603088379,0.8009799346710219,0.9681331077270163,0.8766598569969356,0.8047921071176886,0.9791368962560731,0.8834450747808148,20.0,0.9033457249070632,0.9722777936553301,0.9365450791465932,0.6115946789292166,0.9131927415399705,0.7325661453722828,8.666666984558105,0.6753296388304988,0.8666012751348701,0.7591021372570078,0.7460175005609154,0.9708029197080292,0.8436944937833037,20.0,0.847887323943662,0.9667153284671532,0.9034106412005457,0.738430583501006,0.9543484542039873,0.8326191076380136,14.0,0.8546919677670912,0.9500144466917076,0.8998357963875206,0.9401370650819515,0.9923412736552966,0.9655340438988735,0.7251186834054225,0.9614760519247986,0.8267359482312754
135,15,50,1,2,3,0,0,0,10,43753,0.736953455571227,0.9646153846153847,0.8355543710021321,20.0,0.8392478813559322,0.9750769230769231,0.9020779960148022,0.6574413489736071,0.9309628860628082,0.7706520571489957,6.0,0.678537239134597,0.9198027511030366,0.7809607756721022,0.7116336633663366,0.957004160887656,0.8162782444102685,20.0,0.8460207612456747,0.9495145631067962,0.8947849954254347,0.8121618139654728,0.9522658610271904,0.8766513697677653,20.0,0.9045714285714286,0.9564954682779456,0.9298091042584435,0.6891696003313316,0.9465301478953356,0.7976033553025764,10.666666984558105,0.7775448404379222,0.9493742889647326,0.8549110001280573,0.7956416464891041,0.9811884144520753,0.8787271025538174,16.66666603088379,0.8477130977130977,0.9740220961481039,0.9064888147839376,0.5685134800890428,0.9249496981891349,0.7041973039215685,20.0,0.732264999022865,0.753923541247485,0.742936452860117,0.6044085039780879,0.9391974057559789,0.7354971827632728,20.0,0.779365951988272,0.8619781110660721,0.8185930131844866,0.8009192065795839,0.9738235294117648,0.878948765595965,20.0,0.8619777895293496,0.9588235294117647,0.9078251183514342,0.7854181906851987,0.9669768838186731,0.8667922497308933,20.0,0.8687534321801208,0.9498649054338036,0.9075003585257422,0.931157774892384,0.988273948796394,0.9588660641461506,0.6947612190090686,0.9515699131083747,0.8031359668856296
135,15,50,1,2,3,0,0,0,10,38950,0.8095007270964615,0.9692396982008126,0.8821975699947174,17.33333396911621,0.8640625,0.9628554846198492,0.9107878122426571,0.7956583294006607,0.972318339100346,0.8751622112639502,20.0,0.917235727943185,0.9682814302191465,0.9420676111656614,0.8647151898734177,0.9701183431952662,0.9143892916899051,20.0,0.944235770008668,0.9668639053254438,0.9554158748720946,0.7675724230855603,0.982183908045977,0.8617168788604562,20.0,0.8791773778920309,0.9827586206896551,0.9280868385345997,0.7307518115942029,0.9331983805668016,0.8196596393192785,12.0,0.8431528662420382,0.9187391555812608,0.8793246609465817,0.7800189843379212,0.9611111111111111,0.861147498035106,19.33333396911621,0.8648,0.9482456140350877,0.9046025104602511,0.8149986934935981,0.9623572971305153,0.8825693265421619,20.0,0.8833474218089603,0.9672940450478248,0.9234167893961709,0.6319758672699849,0.9503528225806451,0.7591343734272773,6.666666507720947,0.732375218489027,0.9503528225806451,0.8272458045409674,0.8107569721115537,0.9707811568276684,0.8835820895522387,20.0,0.8815860945138512,0.9677996422182469,0.9226833428084138,0.6037237388350736,0.9502970297029703,0.7383644895761212,8.666666984558105,0.6917281431486423,0.8726732673267327,0.7717362752823745,0.9311588622188709,0.98936482036952,0.9593798075044144,0.7419039108047151,0.9614780090996828,0.8375388828170977
135,15,50,1,2,3,0,0,0,10,40905,0.7048677654273668,0.9668769716088328,0.8153402793172246,17.33333396911621,0.8182644252612449,0.9468980021030494,0.8778942237387277,0.6621443376672319,0.9132016632016632,0.7676679410158382,12.666666984558105,0.762799740764744,0.9176195426195426,0.8330777397664267,0.7364743011722272,0.9310344827586207,0.8224040276903712,20.0,0.8716505894962486,0.927044742091764,0.8984946830548267,0.6596885813148788,0.9650721336370539,0.7836810194224643,20.0,0.827390067818858,0.9572260187294356,0.8875850739263084,0.7442017563611799,0.9576934221964648,0.8375570197668526,6.666666507720947,0.8394614189539099,0.9394378441031586,0.8866402297278818,0.7561249719037986,0.9824766355140186,0.8545662390448368,20.0,0.8709344346928239,0.9853971962616822,0.9246368868183064,0.7479185938945421,0.9593592405814299,0.8405458089668617,20.0,0.8553123331553657,0.9504598042123998,0.9003793733314599,0.6260777758226289,0.9139481119958901,0.7431077694235588,12.0,0.7332085672697026,0.9057282301566915,0.8103884164559871,0.7267793780004175,0.979741136747327,0.8345116836429,20.0,0.8539768529918739,0.975801913337085,0.910833880499015,0.6099050203527816,0.947912273302404,0.7422391017173053,14.666666984558105,0.8127026511539195,0.8985660059046816,0.8534802203304958,0.9306982436706034,0.9897185851595175,0.9593014757085323,0.6893955481766058,0.9510746531014462,0.7993642692454055
135,15,50,1,2,3,0,0,0,10,39873,0.6858440575321726,0.9645994144264041,0.8016812299524388,15.333333015441895,0.8501628664495114,0.9725845089166888,0.9072625698324023,0.659086602236119,0.9458797933097634,0.7768595041322314,10.666666984558105,0.7397849462365591,0.9355452814794669,0.8262279332292543,0.7372842870118075,0.9417053364269141,0.8270504330106979,20.0,0.8394198394198394,0.9399651972157773,0.8868518265152552,0.698768423177872,0.9484790353521513,0.8046965821901882,12.0,0.799443542777649,0.9449164154562893,0.8661140416980658,0.7152186819711063,0.9480587618048268,0.8153412295544274,18.0,0.8154693596511361,0.9320566631689402,0.8698739135757131,0.5654149724946185,0.939773404889684,0.7060404689016649,13.333333015441895,0.6894524689284515,0.8159411647783741,0.747382794720073,0.7761093679964142,0.9982703949264918,0.8732820577480772,20.0,0.8868407578084997,0.9985586624387431,0.9393898305084746,0.7977283711938135,0.95931415286254,0.8710911729779655,20.0,0.8815575987020011,0.947399011915141,0.9132931783162909,0.7944015444015444,0.9600466608340624,0.8694044632246138,18.66666603088379,0.8773304512293975,0.9469233012540099,0.9107994389901823,0.808601134215501,0.9967958054180017,0.8928897586431833,20.0,0.9069705804399681,0.9967958054180017,0.9497640854843187,0.9269012574494221,0.9891242924768636,0.9570024267221773,0.7082231807430082,0.9591880687018791,0.8148190497970385
135,15,50,1,2,3,0,0,0,10,36419,0.7121478873239436,0.940424295263005,0.8105197244834064,20.0,0.8158963941086846,0.9337401918047079,0.8708497086326059,0.8266199649737302,0.9880382775119617,0.9001498433455931,19.33333396911621,0.8780811025708984,0.9907296650717703,0.9310102571308134,0.7191707629835435,0.9436343241727426,0.8162522741055185,18.66666603088379,0.8202891326021934,0.9228827818283791,0.8685669041963578,0.6555049088359046,0.9711688311688311,0.7827088130625915,12.0,0.8101349856162868,0.9509090909090909,0.8748954474847652,0.7098930481283422,0.944279786603438,0.8104807936911728,20.0,0.8074712643678161,0.9161232957913455,0.8583726742571508,0.7371727748691099,0.9785932721712538,0.84089823220258,20.0,0.867603550295858,0.9783152627189324,0.9196393571148569,0.82828529555447,0.9938452520515827,0.9035438316013856,20.0,0.9024455077086656,0.9950175849941383,0.9464733760802899,0.614010343206394,0.9450072358900145,0.7443716158449701,8.0,0.7199921290830382,0.8825373854317414,0.793021239705245,0.6563793752352277,0.9465400271370421,0.7751972441382378,12.666666984558105,0.7473544973544973,0.9199457259158752,0.8247171876900621,0.7345013477088949,0.9694633857100504,0.835782747603834,14.666666984558105,0.7957852483692925,0.9404091313370887,0.8620736513113195,0.9286038114114524,0.9901640937192552,0.9583964260521984,0.7106839018749483,0.961691069632279,0.8173506222095563
135,15,50,1,2,3,0,0,0,10,39694,0.7653890824622532,0.962605901256208,0.8527432712215322,14.666666984558105,0.8148517318714179,0.9553023663453112,0.879505110274341,0.8075334143377886,0.9682400932400932,0.8806148138333112,16.0,0.8781074578989575,0.9571678321678322,0.9159347553324968,0.8080684596577017,0.9795494961470065,0.8855841371918541,20.0,0.9114654935386307,0.9825133372851215,0.9456568249893025,0.7879359095193214,0.977491961414791,0.8725375081539465,12.666666984558105,0.8397693079237714,0.9789535223618825,0.9040356323390472,0.5978802992518704,0.9681978798586572,0.7392561187126615,20.0,0.7960526315789473,0.7736833249200741,0.7847085928833519,0.7955544699560332,0.9705005959475567,0.8743624161073825,18.66666603088379,0.8989259157256954,0.9725864123957092,0.9343065693430657,0.8285220824080928,0.9867763737878342,0.9007510729613732,13.333333015441895,0.919060773480663,0.9776667646194535,0.947458351131995,0.7261927211012634,0.9904835390946503,0.8379936894788379,14.666666984558105,0.8658176029110757,0.9791666666666666,0.9190102595051297,0.8307575373701546,0.9817365269461078,0.8999588307945657,20.0,0.9079822616407982,0.9808383233532935,0.9430051813471502,0.7789041757180787,0.9702345159350572,0.8641049671977507,20.0,0.8572574178027266,0.9642212868310283,0.9075986981746144,0.9383366240182307,0.991608031656012,0.9642371143004618,0.7511373596560791,0.9752614750988999,0.8486513250966707
135,15,50,1,2,3,0,0,0,10,38091,0.7904715605250364,0.9672813801308745,0.8699839486356341,13.333333015441895,0.8573675930781332,0.9726353361094586,0.9113712374581939,0.7904428904428904,0.9727481353987378,0.8721707818930041,20.0,0.8877118644067796,0.9615605278255881,0.9231616634535941,0.5933313032886723,0.9302936261637622,0.7245514548665986,14.666666984558105,0.7517268600749951,0.9092862258295535,0.8230337078651685,0.8339397089397089,0.9691935971005738,0.8964939237323649,20.0,0.9252577319587629,0.9758381153729991,0.9498750551227401,0.7684740334019675,0.9674539170506913,0.8565599897998215,20.0,0.8658474142345111,0.9740783410138248,0.9167796150718351,0.6752168992832893,0.9391395592864638,0.7856045644064077,16.66666603088379,0.7971210076473234,0.9296956977964324,0.8583192056187939,0.6365054602184087,0.9652235628105039,0.7671335902980162,14.666666984558105,0.7735957202904089,0.9578897563283653,0.8559348906035303,0.7778039031272044,0.978698224852071,0.8667627407310363,14.666666984558105,0.897463866921189,0.9736686390532544,0.9340144742443592,0.7481125600549073,0.9646017699115044,0.8426749130266719,15.333333015441895,0.8456934686442883,0.9587020648967551,0.8986589243743951,0.8129202689721422,1.0,0.8968075241753874,20.0,0.9062918340026773,1.0,0.9508426966292135,0.9383629246752896,0.9932603201347936,0.9650315209964635,0.7282506133232686,0.9643749652912756,0.8298429006630428
135,15,50,1,2,3,0,0,0,10,36578,0.6987464617873028,0.9557522123893806,0.8072880168185004,20.0,0.8310214375788146,0.9112278761061947,0.8692784593061602,0.7373033707865169,0.9521183981427742,0.8310536980749746,14.0,0.8541721505659384,0.9416715031921068,0.8957902001380263,0.7259176863181313,0.9400749063670412,0.8192317348732111,18.0,0.8492580057276751,0.9397868049553443,0.8922319474835886,0.8639715230104246,0.9964809384164223,0.9255072858504698,16.66666603088379,0.943197561651427,0.9982404692082112,0.9699387377119248,0.6599297012302284,0.9347771969131192,0.7736684866591119,10.666666984558105,0.7811779501152798,0.9278068210107046,0.8482020937642238,0.7562600505398576,0.9606069448497228,0.8462724935732647,20.0,0.8330381988363268,0.9608987452582434,0.8924119241192412,0.7674577818347786,0.9747826086956521,0.8587844739530132,16.0,0.8401002506265665,0.9715942028985507,0.9010752688172043,0.7303076587388174,0.9723997675769901,0.8341433021806853,20.0,0.8352373698908352,0.9558396281231842,0.8914781194960033,0.6651243493348756,0.9506751171121521,0.7826678765880218,17.33333396911621,0.8138487076120465,0.9457150730228713,0.87484068315065,0.6178717356546456,0.950792782941498,0.749003984063745,8.0,0.6861240153504342,0.9286495352651722,0.7891741201068649,0.9326747121640554,0.9906235221586449,0.9607761208366351,0.7153080926796508,0.9583028735309003,0.8191650443434999
135,15,50,1,2,3,0,0,0,10,37733,0.8027227722772278,0.9608888888888889,0.8747134187457857,20.0,0.9028587288370802,0.9638518518518518,0.9323588420750931,0.8432171035886994,0.9769979357121793,0.9051912568306011,20.0,0.914775871610404,0.9749336478914774,0.94389721627409,0.6705281759277439,0.9172710179962396,0.7747277676950998,12.0,0.7672051338791768,0.9312382487241472,0.8413006551807813,0.7673708920187794,0.9527834450597493,0.8500845143674426,15.333333015441895,0.854988092087854,0.9417079568638881,0.8962552011095701,0.6838160826412801,0.9461883408071748,0.7938859494415049,12.666666984558105,0.7847836202885062,0.945347533632287,0.8576150521230612,0.8318402866649603,0.9623926562037312,0.8923668314113125,9.333333015441895,0.8809845820935894,0.9644655019247853,0.920836867401753,0.7670737222976028,0.9894982497082847,0.8642038216560509,20.0,0.8537996980372421,0.9897899649941657,0.9167792488516617,0.7099877200163733,0.9758087201125176,0.8219405283734155,14.666666984558105,0.8300120048019207,0.9724331926863572,0.8955958549222798,0.6993890020366599,0.968961625282167,0.8123964986988407,16.66666603088379,0.7999530406198638,0.9613431151241535,0.8732538767140843,0.6094166419899318,0.9646121396765878,0.7469376644587604,15.333333015441895,0.7609794014768753,0.9177408014998828,0.8320407946457028,0.930442881536055,0.9909252067135158,0.9597320891919321,0.72716279859137,0.9612440057208559,0.827976859064942
135,15,50,1,2,3,0,0,0,10,52697,0.5822978984506826,0.8718419843821773,0.6982433550997884,12.666666984558105,0.6931942919868277,0.8702342673403767,0.7716904276985743,0.5787868519146052,0.8945530726256983,0.7028324531925106,20.0,0.7745062836624775,0.7531424581005587,0.7636749867233139,0.6374545454545455,0.9374331550802139,0.7588744588744589,4.0,0.6668564920273349,0.9393048128342246,0.7799733570159858,0.7041468949865897,0.9340448823207443,0.8029643571344547,14.0,0.828664332166083,0.9066776135741653,0.8659174072138003,0.6418956297252443,0.921875,0.7568213936297424,12.666666984558105,0.7670821791320406,0.880031779661017,0.8196842624568327,0.7241841752346894,0.9394027254276602,0.8178720181749338,16.66666603088379,0.8170859538784067,0.9040301536677298,0.8583620096352376,0.6329866270430906,0.9506570790974461,0.7599603567889,14.666666984558105,0.7708246995441359,0.9223902801884454,0.839823907890281,0.7731718677224033,0.9753231492361927,0.8625617043387892,16.66666603088379,0.8764314247669773,0.9668037602820212,0.9194021511384272,0.8223552894211577,0.9754365196803788,0.8923785027751454,20.0,0.9085382702403979,0.9730689553122226,0.9396970563018006,0.8030984507746127,0.9730547986678777,0.8799452429842574,16.66666603088379,0.8492931448386236,0.9639721465334544,0.9030062393647192,0.9189569637036628,0.9842976673728061,0.9505057085061884,0.6711006539822517,0.9331272539927872,0.7807148938004461
135,15,50,1,2,3,0,0,0,10,38470,0.8213474640423921,0.9658753709198813,0.8877676258011727,13.333333015441895,0.9163626157732249,0.9688427299703264,0.9418722053944901,0.8113113113113113,0.9712402636309168,0.8841014453231524,20.0,0.8918547055586131,0.9709406830437388,0.9297188755020082,0.8192921236291126,0.9636470243330402,0.8856257577798734,15.333333015441895,0.8955062263129399,0.969803576663735,0.9311752287121745,0.8058156727451947,0.9569798068481123,0.8749163879598663,20.0,0.8948809197919518,0.9566871524729295,0.9247524752475248,0.7770158429888863,0.958296879556722,0.8581875163227998,20.0,0.8674634794156707,0.952464275298921,0.9079788712816237,0.7078767831300393,0.9490022172949002,0.8108940201302546,15.333333015441895,0.79826673086182,0.9190687361419069,0.8544189641844885,0.7116502907559655,0.9576362655153805,0.8165190383066836,9.333333015441895,0.7718150087260035,0.9546681057744199,0.8535585042219541,0.7267415730337079,0.9613555291319857,0.8277450729459944,14.0,0.7976280595508454,0.9396551724137931,0.8628360857103864,0.633706965572458,0.9729563614013522,0.7675151515151516,20.0,0.8122091941187418,0.8940790821552961,0.851180027306417,0.6742353161944079,0.9624966514867399,0.7929816817479586,18.66666603088379,0.8038852913968547,0.9311545673720868,0.8628521782301105,0.9248895401861215,0.9881301497507308,0.9554645408559955,0.7367543026079612,0.962269354883195,0.8345452805817347
